family,seed,noise,guard,n,accuracy,nonabstain_accuracy,balanced_accuracy,unsafe_false_positive_rate,avoidable_false_negative_rate,abstention_rate,precision,recall,f1,mean_test_cost,mean_tests_used,mean_total_cost,stale_unsafe_rate,dominated_rate
E_noise_bias,28401,0.0,crisp_guard,2000,1.0,1.0,1.0,0.0,0.0,0.0,1.0,1.0,1.0,0.10199999999999987,1.0,0.10199999999999987,0.0,0.0
E_noise_bias,28402,0.0,crisp_guard,2000,1.0,1.0,1.0,0.0,0.0,0.0,1.0,1.0,1.0,0.10199999999999987,1.0,0.10199999999999987,0.0,0.0
E_noise_bias,28403,0.0,crisp_guard,2000,1.0,1.0,1.0,0.0,0.0,0.0,1.0,1.0,1.0,0.10199999999999987,1.0,0.10199999999999987,0.0,0.0
E_noise_bias,28404,0.0,crisp_guard,2000,1.0,1.0,1.0,0.0,0.0,0.0,1.0,1.0,1.0,0.10199999999999987,1.0,0.10199999999999987,0.0,0.0
E_noise_bias,28405,0.0,crisp_guard,2000,1.0,1.0,1.0,0.0,0.0,0.0,1.0,1.0,1.0,0.10199999999999987,1.0,0.10199999999999987,0.0,0.0
E_noise_bias,28406,0.0,crisp_guard,2000,1.0,1.0,1.0,0.0,0.0,0.0,1.0,1.0,1.0,0.10199999999999987,1.0,0.10199999999999987,0.0,0.0
E_noise_bias,28407,0.0,crisp_guard,2000,1.0,1.0,1.0,0.0,0.0,0.0,1.0,1.0,1.0,0.10199999999999987,1.0,0.10199999999999987,0.0,0.0
E_noise_bias,28408,0.0,crisp_guard,2000,1.0,1.0,1.0,0.0,0.0,0.0,1.0,1.0,1.0,0.10199999999999987,1.0,0.10199999999999987,0.0,0.0
E_noise_bias,28409,0.0,crisp_guard,2000,1.0,1.0,1.0,0.0,0.0,0.0,1.0,1.0,1.0,0.10199999999999987,1.0,0.10199999999999987,0.0,0.0
E_noise_bias,28410,0.0,crisp_guard,2000,1.0,1.0,1.0,0.0,0.0,0.0,1.0,1.0,1.0,0.10199999999999987,1.0,0.10199999999999987,0.0,0.0
E_noise_bias,28401,0.0,margin_abstain_guard,2000,1.0,1.0,1.0,0.0,0.0,0.0,1.0,1.0,1.0,0.10199999999999987,1.0,0.10199999999999987,0.0,0.0
E_noise_bias,28402,0.0,margin_abstain_guard,2000,1.0,1.0,1.0,0.0,0.0,0.0,1.0,1.0,1.0,0.10199999999999987,1.0,0.10199999999999987,0.0,0.0
E_noise_bias,28403,0.0,margin_abstain_guard,2000,1.0,1.0,1.0,0.0,0.0,0.0,1.0,1.0,1.0,0.10199999999999987,1.0,0.10199999999999987,0.0,0.0
E_noise_bias,28404,0.0,margin_abstain_guard,2000,1.0,1.0,1.0,0.0,0.0,0.0,1.0,1.0,1.0,0.10199999999999987,1.0,0.10199999999999987,0.0,0.0
E_noise_bias,28405,0.0,margin_abstain_guard,2000,1.0,1.0,1.0,0.0,0.0,0.0,1.0,1.0,1.0,0.10199999999999987,1.0,0.10199999999999987,0.0,0.0
E_noise_bias,28406,0.0,margin_abstain_guard,2000,1.0,1.0,1.0,0.0,0.0,0.0,1.0,1.0,1.0,0.10199999999999987,1.0,0.10199999999999987,0.0,0.0
E_noise_bias,28407,0.0,margin_abstain_guard,2000,1.0,1.0,1.0,0.0,0.0,0.0,1.0,1.0,1.0,0.10199999999999987,1.0,0.10199999999999987,0.0,0.0
E_noise_bias,28408,0.0,margin_abstain_guard,2000,1.0,1.0,1.0,0.0,0.0,0.0,1.0,1.0,1.0,0.10199999999999987,1.0,0.10199999999999987,0.0,0.0
E_noise_bias,28409,0.0,margin_abstain_guard,2000,1.0,1.0,1.0,0.0,0.0,0.0,1.0,1.0,1.0,0.10199999999999987,1.0,0.10199999999999987,0.0,0.0
E_noise_bias,28410,0.0,margin_abstain_guard,2000,1.0,1.0,1.0,0.0,0.0,0.0,1.0,1.0,1.0,0.10199999999999987,1.0,0.10199999999999987,0.0,0.0
E_noise_bias,28401,0.0,repeat3_guard,2000,1.0,1.0,1.0,0.0,0.0,0.0,1.0,1.0,1.0,0.3060000000000007,3.0,0.3060000000000007,0.0,0.0
E_noise_bias,28402,0.0,repeat3_guard,2000,1.0,1.0,1.0,0.0,0.0,0.0,1.0,1.0,1.0,0.3060000000000007,3.0,0.3060000000000007,0.0,0.0
E_noise_bias,28403,0.0,repeat3_guard,2000,1.0,1.0,1.0,0.0,0.0,0.0,1.0,1.0,1.0,0.3060000000000007,3.0,0.3060000000000007,0.0,0.0
E_noise_bias,28404,0.0,repeat3_guard,2000,1.0,1.0,1.0,0.0,0.0,0.0,1.0,1.0,1.0,0.3060000000000007,3.0,0.3060000000000007,0.0,0.0
E_noise_bias,28405,0.0,repeat3_guard,2000,1.0,1.0,1.0,0.0,0.0,0.0,1.0,1.0,1.0,0.3060000000000007,3.0,0.3060000000000007,0.0,0.0
E_noise_bias,28406,0.0,repeat3_guard,2000,1.0,1.0,1.0,0.0,0.0,0.0,1.0,1.0,1.0,0.3060000000000007,3.0,0.3060000000000007,0.0,0.0
E_noise_bias,28407,0.0,repeat3_guard,2000,1.0,1.0,1.0,0.0,0.0,0.0,1.0,1.0,1.0,0.3060000000000007,3.0,0.3060000000000007,0.0,0.0
E_noise_bias,28408,0.0,repeat3_guard,2000,1.0,1.0,1.0,0.0,0.0,0.0,1.0,1.0,1.0,0.3060000000000007,3.0,0.3060000000000007,0.0,0.0
E_noise_bias,28409,0.0,repeat3_guard,2000,1.0,1.0,1.0,0.0,0.0,0.0,1.0,1.0,1.0,0.3060000000000007,3.0,0.3060000000000007,0.0,0.0
E_noise_bias,28410,0.0,repeat3_guard,2000,1.0,1.0,1.0,0.0,0.0,0.0,1.0,1.0,1.0,0.3060000000000007,3.0,0.3060000000000007,0.0,0.0
E_noise_bias,28401,0.0,bayes_guard,2000,1.0,1.0,1.0,0.0,0.0,0.0,1.0,1.0,1.0,0.5100000000000016,5.0,0.5100000000000016,0.0,0.0
E_noise_bias,28402,0.0,bayes_guard,2000,1.0,1.0,1.0,0.0,0.0,0.0,1.0,1.0,1.0,0.5100000000000016,5.0,0.5100000000000016,0.0,0.0
E_noise_bias,28403,0.0,bayes_guard,2000,1.0,1.0,1.0,0.0,0.0,0.0,1.0,1.0,1.0,0.5100000000000016,5.0,0.5100000000000016,0.0,0.0
E_noise_bias,28404,0.0,bayes_guard,2000,1.0,1.0,1.0,0.0,0.0,0.0,1.0,1.0,1.0,0.5100000000000016,5.0,0.5100000000000016,0.0,0.0
E_noise_bias,28405,0.0,bayes_guard,2000,1.0,1.0,1.0,0.0,0.0,0.0,1.0,1.0,1.0,0.5100000000000016,5.0,0.5100000000000016,0.0,0.0
E_noise_bias,28406,0.0,bayes_guard,2000,1.0,1.0,1.0,0.0,0.0,0.0,1.0,1.0,1.0,0.5100000000000016,5.0,0.5100000000000016,0.0,0.0
E_noise_bias,28407,0.0,bayes_guard,2000,1.0,1.0,1.0,0.0,0.0,0.0,1.0,1.0,1.0,0.5100000000000016,5.0,0.5100000000000016,0.0,0.0
E_noise_bias,28408,0.0,bayes_guard,2000,1.0,1.0,1.0,0.0,0.0,0.0,1.0,1.0,1.0,0.5100000000000016,5.0,0.5100000000000016,0.0,0.0
E_noise_bias,28409,0.0,bayes_guard,2000,1.0,1.0,1.0,0.0,0.0,0.0,1.0,1.0,1.0,0.5100000000000016,5.0,0.5100000000000016,0.0,0.0
E_noise_bias,28410,0.0,bayes_guard,2000,1.0,1.0,1.0,0.0,0.0,0.0,1.0,1.0,1.0,0.5100000000000016,5.0,0.5100000000000016,0.0,0.0
E_noise_bias,28401,0.01,crisp_guard,2000,0.984,0.984,0.9891851366722968,0.0155,0.0005,0.0,0.8959731543624161,0.996268656716418,0.9434628975265017,0.10199999999999987,1.0,0.17980000000000126,0.0,0.0
E_noise_bias,28402,0.01,crisp_guard,2000,0.991,0.991,0.9876597267625178,0.0065,0.0025,0.0,0.9568106312292359,0.9829351535836177,0.9696969696969697,0.10199999999999987,1.0,0.1360000000000002,0.0,0.0
E_noise_bias,28403,0.01,crisp_guard,2000,0.994,0.994,0.9931428571428571,0.005,0.001,0.0,0.9612403100775194,0.992,0.9763779527559056,0.10199999999999987,1.0,0.12760000000000019,0.0,0.0
E_noise_bias,28404,0.01,crisp_guard,2000,0.9835,0.9835,0.986029984423676,0.015,0.0015,0.0,0.9047619047619048,0.9895833333333334,0.945273631840796,0.10199999999999987,1.0,0.17790000000000117,0.0,0.0
E_noise_bias,28405,0.01,crisp_guard,2000,0.994,0.994,0.9965257672264042,0.006,0.0,0.0,0.9578947368421052,1.0,0.978494623655914,0.10199999999999987,1.0,0.13200000000000026,0.0,0.0
E_noise_bias,28406,0.01,crisp_guard,2000,0.99,0.99,0.9914559691135567,0.009,0.001,0.0,0.944954128440367,0.9935691318327974,0.9686520376175548,0.10199999999999987,1.0,0.1476000000000005,0.0,0.0
E_noise_bias,28407,0.01,crisp_guard,2000,0.9885,0.9885,0.9850384853081633,0.009,0.0025,0.0,0.9328358208955224,0.9803921568627451,0.9560229445506693,0.10199999999999987,1.0,0.1485000000000005,0.0,0.0
E_noise_bias,28408,0.01,crisp_guard,2000,0.99,0.99,0.9924899041649087,0.0095,0.0005,0.0,0.924901185770751,0.9957446808510638,0.9590163934426229,0.10199999999999987,1.0,0.14980000000000074,0.0,0.0
E_noise_bias,28409,0.01,crisp_guard,2000,0.9915,0.9915,0.9906871210318308,0.007,0.0015,0.0,0.9530201342281879,0.9895470383275261,0.9709401709401708,0.10199999999999987,1.0,0.13790000000000027,0.0,0.0
E_noise_bias,28410,0.01,crisp_guard,2000,0.9885,0.9885,0.9888601292943304,0.01,0.0015,0.0,0.9331103678929766,0.9893617021276596,0.9604130808950085,0.10199999999999987,1.0,0.15290000000000076,0.0,0.0
E_noise_bias,28401,0.01,margin_abstain_guard,2000,0.985,0.9959555106167847,0.9960580429890586,0.0035,0.0005,0.011,0.9739776951672863,0.9961977186311787,0.9849624060150376,0.10199999999999987,1.0,0.12145000000000003,0.0,0.0
E_noise_bias,28402,0.01,margin_abstain_guard,2000,0.979,0.9954245043213015,0.9958906503814282,0.004,0.0005,0.0165,0.9730639730639731,0.996551724137931,0.9846678023850085,0.10199999999999987,1.0,0.12477500000000025,0.0,0.0
E_noise_bias,28403,0.01,margin_abstain_guard,2000,0.9825,0.9959452610238216,0.9941822562358277,0.003,0.001,0.0135,0.9759036144578314,0.9918367346938776,0.9838056680161944,0.10199999999999987,1.0,0.11962500000000008,0.0,0.0
E_noise_bias,28404,0.01,margin_abstain_guard,2000,0.984,0.9964556962025316,0.9950233307249293,0.0025,0.001,0.0125,0.9826989619377162,0.993006993006993,0.9878260869565217,0.10199999999999987,1.0,0.11697500000000005,0.0,0.0
E_noise_bias,28405,0.01,margin_abstain_guard,2000,0.9845,0.9959534648457259,0.9961145075581695,0.0035,0.0005,0.0115,0.974910394265233,0.9963369963369964,0.9855072463768116,0.10199999999999987,1.0,0.12152500000000019,0.0,0.0
E_noise_bias,28406,0.01,margin_abstain_guard,2000,0.9815,0.9959411466260781,0.9975975975975976,0.004,0.0,0.0145,0.9745222929936306,1.0,0.9870967741935484,0.10199999999999987,1.0,0.12417500000000016,0.0,0.0
E_noise_bias,28407,0.01,margin_abstain_guard,2000,0.9835,0.9949418310571573,0.9971031286210892,0.005,0.0,0.0115,0.9616858237547893,1.0,0.98046875,0.10199999999999987,1.0,0.12872500000000023,0.0,0.0
E_noise_bias,28408,0.01,margin_abstain_guard,2000,0.977,0.994908350305499,0.995238844632959,0.0045,0.0005,0.018,0.9623430962343096,0.9956709956709957,0.9787234042553191,0.10199999999999987,1.0,0.12750000000000017,0.0,0.0
E_noise_bias,28409,0.01,margin_abstain_guard,2000,0.9855,0.9969650986342944,0.99822695035461,0.003,0.0,0.0115,0.979381443298969,1.0,0.9895833333333333,0.10199999999999987,1.0,0.1187250000000001,0.0,0.0
E_noise_bias,28410,0.01,margin_abstain_guard,2000,0.983,0.9969574036511156,0.9951725086619725,0.002,0.001,0.014,0.9855072463768116,0.9927007299270073,0.9890909090909091,0.10199999999999987,1.0,0.11470000000000018,0.0,0.0
E_noise_bias,28401,0.01,repeat3_guard,2000,1.0,1.0,1.0,0.0,0.0,0.0,1.0,1.0,1.0,0.3060000000000007,3.0,0.3060000000000007,0.0,0.0
E_noise_bias,28402,0.01,repeat3_guard,2000,1.0,1.0,1.0,0.0,0.0,0.0,1.0,1.0,1.0,0.3060000000000007,3.0,0.3060000000000007,0.0,0.0
E_noise_bias,28403,0.01,repeat3_guard,2000,1.0,1.0,1.0,0.0,0.0,0.0,1.0,1.0,1.0,0.3060000000000007,3.0,0.3060000000000007,0.0,0.0
E_noise_bias,28404,0.01,repeat3_guard,2000,0.9995,0.9995,0.9997079439252337,0.0005,0.0,0.0,0.9965397923875432,1.0,0.9982668977469671,0.3060000000000007,3.0,0.3085000000000007,0.0,0.0
E_noise_bias,28405,0.01,repeat3_guard,2000,0.999,0.999,0.9994209612044007,0.001,0.0,0.0,0.9927272727272727,1.0,0.9963503649635036,0.3060000000000007,3.0,0.3110000000000006,0.0,0.0
E_noise_bias,28406,0.01,repeat3_guard,2000,1.0,1.0,1.0,0.0,0.0,0.0,1.0,1.0,1.0,0.3060000000000007,3.0,0.3060000000000007,0.0,0.0
E_noise_bias,28407,0.01,repeat3_guard,2000,0.999,0.999,0.9994269340974212,0.001,0.0,0.0,0.9922178988326849,1.0,0.99609375,0.3060000000000007,3.0,0.31100000000000066,0.0,0.0
E_noise_bias,28408,0.01,repeat3_guard,2000,1.0,1.0,1.0,0.0,0.0,0.0,1.0,1.0,1.0,0.3060000000000007,3.0,0.3060000000000007,0.0,0.0
E_noise_bias,28409,0.01,repeat3_guard,2000,0.999,0.999,0.9994162288382954,0.001,0.0,0.0,0.9930795847750865,1.0,0.9965277777777778,0.3060000000000007,3.0,0.3110000000000006,0.0,0.0
E_noise_bias,28410,0.01,repeat3_guard,2000,0.9995,0.9995,0.9997089639115251,0.0005,0.0,0.0,0.9964664310954063,1.0,0.9982300884955753,0.3060000000000007,3.0,0.3085000000000007,0.0,0.0
E_noise_bias,28401,0.01,bayes_guard,2000,1.0,1.0,1.0,0.0,0.0,0.0,1.0,1.0,1.0,0.5100000000000016,5.0,0.5100000000000016,0.0,0.0
E_noise_bias,28402,0.01,bayes_guard,2000,0.9985,1.0,1.0,0.0,0.0,0.0015,1.0,1.0,1.0,0.5100000000000016,5.0,0.5102250000000016,0.0,0.0
E_noise_bias,28403,0.01,bayes_guard,2000,0.998,1.0,1.0,0.0,0.0,0.002,1.0,1.0,1.0,0.5100000000000016,5.0,0.5103000000000015,0.0,0.0
E_noise_bias,28404,0.01,bayes_guard,2000,1.0,1.0,1.0,0.0,0.0,0.0,1.0,1.0,1.0,0.5100000000000016,5.0,0.5100000000000016,0.0,0.0
E_noise_bias,28405,0.01,bayes_guard,2000,0.9995,1.0,1.0,0.0,0.0,0.0005,1.0,1.0,1.0,0.5100000000000016,5.0,0.5100750000000016,0.0,0.0
E_noise_bias,28406,0.01,bayes_guard,2000,0.999,1.0,1.0,0.0,0.0,0.001,1.0,1.0,1.0,0.5100000000000016,5.0,0.5101500000000015,0.0,0.0
E_noise_bias,28407,0.01,bayes_guard,2000,0.9995,1.0,1.0,0.0,0.0,0.0005,1.0,1.0,1.0,0.5100000000000016,5.0,0.5100750000000016,0.0,0.0
E_noise_bias,28408,0.01,bayes_guard,2000,0.9985,1.0,1.0,0.0,0.0,0.0015,1.0,1.0,1.0,0.5100000000000016,5.0,0.5102250000000016,0.0,0.0
E_noise_bias,28409,0.01,bayes_guard,2000,0.9985,1.0,1.0,0.0,0.0,0.0015,1.0,1.0,1.0,0.5100000000000016,5.0,0.5102250000000016,0.0,0.0
E_noise_bias,28410,0.01,bayes_guard,2000,1.0,1.0,1.0,0.0,0.0,0.0,1.0,1.0,1.0,0.5100000000000016,5.0,0.5100000000000016,0.0,0.0
E_noise_bias,28401,0.03,crisp_guard,2000,0.9665,0.9665,0.9711962703802006,0.0305,0.003,0.0,0.8111455108359134,0.9776119402985075,0.8866328257191202,0.10199999999999987,1.0,0.25630000000000197,0.0,0.0
E_noise_bias,28402,0.03,crisp_guard,2000,0.9735,0.9735,0.9759942497365796,0.0235,0.003,0.0,0.8592814371257484,0.9795221843003413,0.915470494417863,0.10199999999999987,1.0,0.22130000000000202,0.0,0.0
E_noise_bias,28403,0.03,crisp_guard,2000,0.9685,0.9685,0.9631428571428571,0.026,0.0055,0.0,0.8213058419243986,0.956,0.8835489833641405,0.10199999999999987,1.0,0.23530000000000204,0.0,0.0
E_noise_bias,28404,0.03,crisp_guard,2000,0.9655,0.9655,0.9682956905503635,0.0305,0.004,0.0,0.8211143695014663,0.9722222222222222,0.890302066772655,0.10199999999999987,1.0,0.256900000000002,0.0,0.0
E_noise_bias,28405,0.03,crisp_guard,2000,0.976,0.976,0.9706832445685949,0.019,0.005,0.0,0.8737541528239202,0.9633699633699634,0.916376306620209,0.10199999999999987,1.0,0.2000000000000014,0.0,0.0
E_noise_bias,28406,0.03,crisp_guard,2000,0.9635,0.9635,0.9587143213416108,0.029,0.0075,0.0,0.8361581920903954,0.9517684887459807,0.8902255639097744,0.10199999999999987,1.0,0.2515000000000017,0.0,0.0
E_noise_bias,28407,0.03,crisp_guard,2000,0.9735,0.9735,0.9747682454070453,0.0235,0.003,0.0,0.8412162162162162,0.9764705882352941,0.9038112522686025,0.10199999999999987,1.0,0.22130000000000177,0.0,0.0
E_noise_bias,28408,0.03,crisp_guard,2000,0.9705,0.9705,0.9685311313362666,0.0255,0.004,0.0,0.8165467625899281,0.9659574468085106,0.884990253411306,0.10199999999999987,1.0,0.2319000000000018,0.0,0.0
E_noise_bias,28409,0.03,crisp_guard,2000,0.97,0.97,0.9679841181699282,0.025,0.005,0.0,0.8470948012232415,0.9651567944250871,0.9022801302931596,0.10199999999999987,1.0,0.2300000000000015,0.0,0.0
E_noise_bias,28410,0.03,crisp_guard,2000,0.9705,0.9705,0.972454775881571,0.026,0.0035,0.0,0.8409785932721713,0.975177304964539,0.90311986863711,0.10199999999999987,1.0,0.23410000000000192,0.0,0.0
E_noise_bias,28401,0.03,margin_abstain_guard,2000,0.9525,0.9865354738477473,0.9873486627077291,0.0115,0.0015,0.0345,0.9178571428571428,0.9884615384615385,0.951851851851852,0.10199999999999987,1.0,0.16557500000000086,0.0,0.0
E_noise_bias,28402,0.03,margin_abstain_guard,2000,0.95,0.9900990099009901,0.9853198814608211,0.0065,0.003,0.0405,0.9547038327526133,0.9785714285714285,0.9664902998236331,0.10199999999999987,1.0,0.1423750000000006,0.0,0.0
E_noise_bias,28403,0.03,margin_abstain_guard,2000,0.941,0.9832810867293625,0.9759667278065864,0.012,0.004,0.043,0.9051383399209486,0.9662447257383966,0.9346938775510203,0.10199999999999987,1.0,0.17085000000000097,0.0,0.0
E_noise_bias,28404,0.03,margin_abstain_guard,2000,0.948,0.9890453834115805,0.9920700469755528,0.01,0.0005,0.0415,0.9303135888501742,0.996268656716418,0.9621621621621622,0.10199999999999987,1.0,0.15852500000000086,0.0,0.0
E_noise_bias,28405,0.03,margin_abstain_guard,2000,0.9505,0.9890738813735692,0.9889081199257581,0.009,0.0015,0.039,0.9357142857142857,0.9886792452830189,0.9614678899082569,0.10199999999999987,1.0,0.1537500000000009,0.0,0.0
E_noise_bias,28406,0.03,margin_abstain_guard,2000,0.9465,0.9879958246346555,0.9873981736242391,0.0095,0.002,0.042,0.9391025641025641,0.9865319865319865,0.9622331691297208,0.10199999999999987,1.0,0.15700000000000075,0.0,0.0
E_noise_bias,28407,0.03,margin_abstain_guard,2000,0.95,0.9906152241918665,0.9893721722780422,0.0075,0.0015,0.041,0.94140625,0.9877049180327869,0.964,0.10199999999999987,1.0,0.14655000000000065,0.0,0.0
E_noise_bias,28408,0.03,margin_abstain_guard,2000,0.9485,0.9864794591783671,0.9827957464051201,0.0105,0.0025,0.0385,0.9135802469135802,0.9779735682819384,0.9446808510638298,0.10199999999999987,1.0,0.1617750000000009,0.0,0.0
E_noise_bias,28409,0.03,margin_abstain_guard,2000,0.9355,0.9842188321935823,0.9846667027768751,0.013,0.002,0.0495,0.9115646258503401,0.9852941176470589,0.9469964664310954,0.10199999999999987,1.0,0.175625000000001,0.0,0.0
E_noise_bias,28410,0.03,margin_abstain_guard,2000,0.952,0.9875518672199171,0.9896421506923215,0.011,0.001,0.036,0.9236111111111112,0.9925373134328358,0.9568345323741008,0.10199999999999987,1.0,0.16300000000000078,0.0,0.0
E_noise_bias,28401,0.03,repeat3_guard,2000,0.998,0.998,0.9988452655889146,0.002,0.0,0.0,0.9852941176470589,1.0,0.9925925925925926,0.3060000000000007,3.0,0.3160000000000006,0.0,0.0
E_noise_bias,28402,0.03,repeat3_guard,2000,0.9965,0.9965,0.997949619214997,0.0035,0.0,0.0,0.9766666666666667,1.0,0.988195615514334,0.3060000000000007,3.0,0.3235000000000004,0.0,0.0
E_noise_bias,28403,0.03,repeat3_guard,2000,0.9985,0.9985,0.9991428571428571,0.0015,0.0,0.0,0.9881422924901185,1.0,0.9940357852882703,0.3060000000000007,3.0,0.3135000000000006,0.0,0.0
E_noise_bias,28404,0.03,repeat3_guard,2000,0.9975,0.9975,0.9970956645898235,0.002,0.0005,0.0,0.9862542955326461,0.9965277777777778,0.991364421416235,0.3060000000000007,3.0,0.31630000000000064,0.0,0.0
E_noise_bias,28405,0.03,repeat3_guard,2000,0.9965,0.9965,0.9948893993479981,0.0025,0.001,0.0,0.9818840579710145,0.9926739926739927,0.9872495446265938,0.3060000000000007,3.0,0.31910000000000044,0.0,0.0
E_noise_bias,28406,0.03,repeat3_guard,2000,0.9985,0.9985,0.9978002166467725,0.001,0.0005,0.0,0.9935897435897436,0.9967845659163987,0.9951845906902087,0.3060000000000007,3.0,0.3113000000000006,0.0,0.0
E_noise_bias,28407,0.03,repeat3_guard,2000,0.9965,0.9965,0.992971515253666,0.002,0.0015,0.0,0.984375,0.9882352941176471,0.9863013698630138,0.3060000000000007,3.0,0.31690000000000057,0.0,0.0
E_noise_bias,28408,0.03,repeat3_guard,2000,0.998,0.998,0.9970224820685913,0.0015,0.0005,0.0,0.9873417721518988,0.9957446808510638,0.9915254237288136,0.3060000000000007,3.0,0.31380000000000063,0.0,0.0
E_noise_bias,28409,0.03,repeat3_guard,2000,0.9945,0.9945,0.9953389839127313,0.005,0.0005,0.0,0.9662162162162162,0.9965156794425087,0.9811320754716981,0.3060000000000007,3.0,0.33130000000000037,0.0,0.0
E_noise_bias,28410,0.03,repeat3_guard,2000,0.9945,0.9945,0.9967986030267753,0.0055,0.0,0.0,0.962457337883959,1.0,0.9808695652173912,0.3060000000000007,3.0,0.3335000000000003,0.0,0.0
E_noise_bias,28401,0.03,bayes_guard,2000,0.9875,1.0,1.0,0.0,0.0,0.0125,1.0,1.0,1.0,0.5100000000000016,5.0,0.5118750000000014,0.0,0.0
E_noise_bias,28402,0.03,bayes_guard,2000,0.9905,1.0,1.0,0.0,0.0,0.0095,1.0,1.0,1.0,0.5100000000000016,5.0,0.5114250000000015,0.0,0.0
E_noise_bias,28403,0.03,bayes_guard,2000,0.9925,1.0,1.0,0.0,0.0,0.0075,1.0,1.0,1.0,0.5100000000000016,5.0,0.5111250000000015,0.0,0.0
E_noise_bias,28404,0.03,bayes_guard,2000,0.9905,1.0,1.0,0.0,0.0,0.0095,1.0,1.0,1.0,0.5100000000000016,5.0,0.5114250000000015,0.0,0.0
E_noise_bias,28405,0.03,bayes_guard,2000,0.987,1.0,1.0,0.0,0.0,0.013,1.0,1.0,1.0,0.5100000000000016,5.0,0.5119500000000015,0.0,0.0
E_noise_bias,28406,0.03,bayes_guard,2000,0.9925,1.0,1.0,0.0,0.0,0.0075,1.0,1.0,1.0,0.5100000000000016,5.0,0.5111250000000015,0.0,0.0
E_noise_bias,28407,0.03,bayes_guard,2000,0.993,1.0,1.0,0.0,0.0,0.007,1.0,1.0,1.0,0.5100000000000016,5.0,0.5110500000000014,0.0,0.0
E_noise_bias,28408,0.03,bayes_guard,2000,0.9895,1.0,1.0,0.0,0.0,0.0105,1.0,1.0,1.0,0.5100000000000016,5.0,0.5115750000000014,0.0,0.0
E_noise_bias,28409,0.03,bayes_guard,2000,0.993,1.0,1.0,0.0,0.0,0.007,1.0,1.0,1.0,0.5100000000000016,5.0,0.5110500000000014,0.0,0.0
E_noise_bias,28410,0.03,bayes_guard,2000,0.991,1.0,1.0,0.0,0.0,0.009,1.0,1.0,1.0,0.5100000000000016,5.0,0.5113500000000015,0.0,0.0
E_noise_bias,28401,0.05,crisp_guard,2000,0.9495,0.9495,0.9534960876908759,0.045,0.0055,0.0,0.7406340057636888,0.9589552238805971,0.8357723577235772,0.10199999999999987,1.0,0.33030000000000675,0.0,0.0
E_noise_bias,28402,0.05,crisp_guard,2000,0.9445,0.9445,0.946283222466815,0.048,0.0075,0.0,0.7433155080213903,0.9488054607508533,0.8335832083958021,0.10199999999999987,1.0,0.34650000000000636,0.0,0.0
E_noise_bias,28403,0.05,crisp_guard,2000,0.944,0.944,0.9457142857142857,0.0495,0.0065,0.0,0.7053571428571429,0.948,0.8088737201365188,0.10199999999999987,1.0,0.35340000000000704,0.0,0.0
E_noise_bias,28404,0.05,crisp_guard,2000,0.953,0.953,0.9494418483904465,0.039,0.008,0.0,0.7771428571428571,0.9444444444444444,0.8526645768025078,0.10199999999999987,1.0,0.301800000000005,0.0,0.0
E_noise_bias,28405,0.05,crisp_guard,2000,0.963,0.963,0.9616137577921018,0.0315,0.0055,0.0,0.8061538461538461,0.9597069597069597,0.8762541806020067,0.10199999999999987,1.0,0.2628000000000024,0.0,0.0
E_noise_bias,28406,0.05,crisp_guard,2000,0.9455,0.9455,0.9375636566472294,0.043,0.0115,0.0,0.7700534759358288,0.9260450160771704,0.840875912408759,0.10199999999999987,1.0,0.32390000000000535,0.0,0.0
E_noise_bias,28407,0.05,crisp_guard,2000,0.957,0.957,0.961964155289623,0.039,0.004,0.0,0.76,0.9686274509803922,0.8517241379310345,0.10199999999999987,1.0,0.2994000000000048,0.0,0.0
E_noise_bias,28408,0.05,crisp_guard,2000,0.944,0.944,0.9479838466638539,0.0505,0.0055,0.0,0.6892307692307692,0.9531914893617022,0.8,0.10199999999999987,1.0,0.3578000000000065,0.0,0.0
E_noise_bias,28409,0.05,crisp_guard,2000,0.9515,0.9515,0.9557340769804996,0.043,0.0055,0.0,0.7624309392265194,0.9616724738675958,0.8505392912172572,0.10199999999999987,1.0,0.32030000000000575,0.0,0.0
E_noise_bias,28410,0.05,crisp_guard,2000,0.9415,0.9415,0.9466826014085321,0.052,0.0065,0.0,0.7211796246648794,0.9539007092198581,0.8213740458015268,0.10199999999999987,1.0,0.3659000000000082,0.0,0.0
E_noise_bias,28401,0.05,margin_abstain_guard,2000,0.9145,0.9812231759656652,0.9841394268161332,0.016,0.0015,0.068,0.8865248226950354,0.9881422924901185,0.9345794392523364,0.10199999999999987,1.0,0.19310000000000102,0.0,0.0
E_noise_bias,28402,0.05,margin_abstain_guard,2000,0.9065,0.9736842105263158,0.9723083007630746,0.0205,0.004,0.069,0.8646864686468647,0.9703703703703703,0.9144851657940662,0.10199999999999987,1.0,0.217250000000001,0.0,0.0
E_noise_bias,28403,0.05,margin_abstain_guard,2000,0.9155,0.9801927194860813,0.9778383999875824,0.0155,0.003,0.066,0.8816793893129771,0.9746835443037974,0.9258517034068137,0.10199999999999987,1.0,0.19120000000000084,0.0,0.0
E_noise_bias,28404,0.05,margin_abstain_guard,2000,0.9165,0.9791666666666666,0.9799581637268204,0.017,0.0025,0.064,0.8839590443686007,0.9810606060606061,0.9299820466786357,0.10199999999999987,1.0,0.19810000000000103,0.0,0.0
E_noise_bias,28405,0.05,margin_abstain_guard,2000,0.907,0.973175965665236,0.9744861782753451,0.022,0.003,0.068,0.8487972508591065,0.9762845849802372,0.9080882352941176,0.10199999999999987,1.0,0.22400000000000142,0.0,0.0
E_noise_bias,28406,0.05,margin_abstain_guard,2000,0.902,0.9761904761904762,0.9713576501100318,0.017,0.005,0.076,0.8885245901639345,0.9644128113879004,0.9249146757679181,0.10199999999999987,1.0,0.20140000000000122,0.0,0.0
E_noise_bias,28407,0.05,margin_abstain_guard,2000,0.918,0.9818181818181818,0.9824931416825229,0.015,0.002,0.065,0.8876404494382022,0.983402489626556,0.9330708661417323,0.10199999999999987,1.0,0.18795000000000112,0.0,0.0
E_noise_bias,28408,0.05,margin_abstain_guard,2000,0.9075,0.9758064516129032,0.9761196199663067,0.02,0.0025,0.07,0.8387096774193549,0.9765258215962441,0.9023861171366594,0.10199999999999987,1.0,0.21400000000000116,0.0,0.0
E_noise_bias,28409,0.05,margin_abstain_guard,2000,0.9075,0.9784366576819407,0.9782314852662479,0.017,0.003,0.0725,0.8866666666666667,0.9779411764705882,0.9300699300699301,0.10199999999999987,1.0,0.19967500000000077,0.0,0.0
E_noise_bias,28410,0.05,margin_abstain_guard,2000,0.9075,0.9726688102893891,0.9697321581542327,0.021,0.0045,0.067,0.8576271186440678,0.9656488549618321,0.9084380610412927,0.10199999999999987,1.0,0.21975000000000114,0.0,0.0
E_noise_bias,28401,0.05,repeat3_guard,2000,0.9925,0.9925,0.9940927579194099,0.007,0.0005,0.0,0.9501779359430605,0.996268656716418,0.9726775956284154,0.3060000000000007,3.0,0.3413000000000001,0.0,0.0
E_noise_bias,28402,0.05,repeat3_guard,2000,0.9935,0.9935,0.9905378575670147,0.0045,0.002,0.0,0.9697986577181208,0.9863481228668942,0.9780033840947546,0.3060000000000007,3.0,0.3297000000000003,0.0,0.0
E_noise_bias,28403,0.05,repeat3_guard,2000,0.994,0.994,0.9931428571428571,0.005,0.001,0.0,0.9612403100775194,0.992,0.9763779527559056,0.3060000000000007,3.0,0.3316000000000002,0.0,0.0
E_noise_bias,28404,0.05,repeat3_guard,2000,0.995,0.995,0.9927472741433022,0.0035,0.0015,0.0,0.976027397260274,0.9895833333333334,0.9827586206896552,0.3060000000000007,3.0,0.3244000000000005,0.0,0.0
E_noise_bias,28405,0.05,repeat3_guard,2000,0.993,0.993,0.9944047459971027,0.0065,0.0005,0.0,0.9543859649122807,0.9963369963369964,0.9749103942652331,0.3060000000000007,3.0,0.33880000000000005,0.0,0.0
E_noise_bias,28406,0.05,repeat3_guard,2000,0.992,0.992,0.9926401017364106,0.007,0.001,0.0,0.9566563467492261,0.9935691318327974,0.9747634069400631,0.3060000000000007,3.0,0.3416000000000002,0.0,0.0
E_noise_bias,28407,0.05,repeat3_guard,2000,0.991,0.991,0.9898196527894826,0.0075,0.0015,0.0,0.9438202247191011,0.9882352941176471,0.9655172413793103,0.3060000000000007,3.0,0.34440000000000015,0.0,0.0
E_noise_bias,28408,0.05,repeat3_guard,2000,0.993,0.993,0.9923452474233018,0.006,0.001,0.0,0.9510204081632653,0.9914893617021276,0.9708333333333332,0.3060000000000007,3.0,0.3366000000000002,0.0,0.0
E_noise_bias,28409,0.05,repeat3_guard,2000,0.993,0.993,0.9944633271701744,0.0065,0.0005,0.0,0.9565217391304348,0.9965156794425087,0.9761092150170649,0.3060000000000007,3.0,0.3388000000000003,0.0,0.0
E_noise_bias,28410,0.05,repeat3_guard,2000,0.995,0.995,0.9956076255583353,0.0045,0.0005,0.0,0.9689655172413794,0.9964539007092199,0.9825174825174825,0.3060000000000007,3.0,0.3288000000000003,0.0,0.0
E_noise_bias,28401,0.05,bayes_guard,2000,0.9825,1.0,1.0,0.0,0.0,0.0175,1.0,1.0,1.0,0.5100000000000016,5.0,0.5126250000000013,0.0,0.0
E_noise_bias,28402,0.05,bayes_guard,2000,0.978,1.0,1.0,0.0,0.0,0.022,1.0,1.0,1.0,0.5100000000000016,5.0,0.5133000000000012,0.0,0.0
E_noise_bias,28403,0.05,bayes_guard,2000,0.9815,1.0,1.0,0.0,0.0,0.0185,1.0,1.0,1.0,0.5100000000000016,5.0,0.5127750000000012,0.0,0.0
E_noise_bias,28404,0.05,bayes_guard,2000,0.98,1.0,1.0,0.0,0.0,0.02,1.0,1.0,1.0,0.5100000000000016,5.0,0.5130000000000012,0.0,0.0
E_noise_bias,28405,0.05,bayes_guard,2000,0.9755,1.0,1.0,0.0,0.0,0.0245,1.0,1.0,1.0,0.5100000000000016,5.0,0.513675000000001,0.0,0.0
E_noise_bias,28406,0.05,bayes_guard,2000,0.977,1.0,1.0,0.0,0.0,0.023,1.0,1.0,1.0,0.5100000000000016,5.0,0.5134500000000012,0.0,0.0
E_noise_bias,28407,0.05,bayes_guard,2000,0.979,1.0,1.0,0.0,0.0,0.021,1.0,1.0,1.0,0.5100000000000016,5.0,0.5131500000000013,0.0,0.0
E_noise_bias,28408,0.05,bayes_guard,2000,0.9805,1.0,1.0,0.0,0.0,0.0195,1.0,1.0,1.0,0.5100000000000016,5.0,0.5129250000000012,0.0,0.0
E_noise_bias,28409,0.05,bayes_guard,2000,0.9815,1.0,1.0,0.0,0.0,0.0185,1.0,1.0,1.0,0.5100000000000016,5.0,0.5127750000000013,0.0,0.0
E_noise_bias,28410,0.05,bayes_guard,2000,0.979,0.9994895354772844,0.9997032640949555,0.0005,0.0,0.0205,0.9963636363636363,1.0,0.9981785063752276,0.5100000000000016,5.0,0.5155750000000012,0.0,0.0
E_noise_bias,28401,0.08,crisp_guard,2000,0.9055,0.9055,0.8949751818275826,0.0785,0.016,0.0,0.6005089058524173,0.8805970149253731,0.714069591527988,0.10199999999999987,1.0,0.5041000000000105,0.0,0.0
E_noise_bias,28402,0.08,crisp_guard,2000,0.9015,0.9015,0.8942349410478037,0.0815,0.017,0.0,0.6137440758293838,0.8839590443686007,0.7244755244755245,0.10199999999999987,1.0,0.5197000000000093,0.0,0.0
E_noise_bias,28403,0.08,crisp_guard,2000,0.918,0.918,0.9102857142857144,0.0695,0.0125,0.0,0.6181318681318682,0.9,0.732899022801303,0.10199999999999987,1.0,0.45700000000001,0.0,0.0
E_noise_bias,28404,0.08,crisp_guard,2000,0.906,0.906,0.9046599169262721,0.08,0.014,0.0,0.6190476190476191,0.9027777777777778,0.7344632768361582,0.10199999999999987,1.0,0.5104000000000114,0.0,0.0
E_noise_bias,28405,0.08,crisp_guard,2000,0.9155,0.9155,0.9156056257967086,0.073,0.0115,0.0,0.6313131313131313,0.9157509157509157,0.7473841554559043,0.10199999999999987,1.0,0.4739000000000112,0.0,0.0
E_noise_bias,28406,0.08,crisp_guard,2000,0.9155,0.9155,0.9093081962157253,0.069,0.0155,0.0,0.6698564593301436,0.9003215434083601,0.7681755829903979,0.10199999999999987,1.0,0.45630000000001014,0.0,0.0
E_noise_bias,28407,0.08,crisp_guard,2000,0.917,0.917,0.9206247541996742,0.0735,0.0095,0.0,0.6161879895561357,0.9254901960784314,0.7398119122257053,0.10199999999999987,1.0,0.47520000000001034,0.0,0.0
E_noise_bias,28408,0.08,crisp_guard,2000,0.9195,0.9195,0.9267253330118739,0.073,0.0075,0.0,0.6010928961748634,0.9361702127659575,0.7321131447587355,0.10199999999999987,1.0,0.4715000000000115,0.0,0.0
E_noise_bias,28409,0.08,crisp_guard,2000,0.919,0.919,0.916457668454593,0.0685,0.0125,0.0,0.656641604010025,0.9128919860627178,0.7638483965014576,0.10199999999999987,1.0,0.45200000000000934,0.0,0.0
E_noise_bias,28410,0.08,crisp_guard,2000,0.9215,0.9215,0.930595117198788,0.0705,0.008,0.0,0.6535626535626535,0.9432624113475178,0.7721335268505078,0.10199999999999987,1.0,0.45930000000001153,0.0,0.0
E_noise_bias,28401,0.08,margin_abstain_guard,2000,0.85,0.9686609686609686,0.9683932648401826,0.024,0.0035,0.1225,0.8153846153846154,0.9680365296803652,0.8851774530271399,0.10199999999999987,1.0,0.2424750000000008,0.0,0.0
E_noise_bias,28402,0.08,margin_abstain_guard,2000,0.8655,0.9600665557404326,0.9442085176722252,0.0255,0.0105,0.0985,0.8288590604026845,0.9216417910447762,0.8727915194346291,0.10199999999999987,1.0,0.25057500000000105,0.0,0.0
E_noise_bias,28403,0.08,margin_abstain_guard,2000,0.8335,0.9635838150289018,0.9579838459148804,0.026,0.0055,0.135,0.8022813688212928,0.9504504504504504,0.8701030927835051,0.10199999999999987,1.0,0.255550000000001,0.0,0.0
E_noise_bias,28404,0.08,margin_abstain_guard,2000,0.8445,0.959659090909091,0.9599332659677488,0.0305,0.005,0.12,0.7986798679867987,0.9603174603174603,0.8720720720720722,0.10199999999999987,1.0,0.2755000000000028,0.0,0.0
E_noise_bias,28405,0.08,margin_abstain_guard,2000,0.854,0.9579360628154795,0.9671436724734662,0.035,0.0025,0.1085,0.7770700636942676,0.9799196787148594,0.8667850799289522,0.10199999999999987,1.0,0.29477500000000334,0.0,0.0
E_noise_bias,28406,0.08,margin_abstain_guard,2000,0.8705,0.9709983268265476,0.9711320388441451,0.022,0.004,0.1035,0.8603174603174604,0.9713261648745519,0.9124579124579124,0.10199999999999987,1.0,0.22992500000000116,0.0,0.0
E_noise_bias,28407,0.08,margin_abstain_guard,2000,0.86,0.9587513935340022,0.9554790737199915,0.0315,0.0055,0.103,0.7725631768953068,0.9511111111111111,0.8525896414342629,0.10199999999999987,1.0,0.2782500000000028,0.0,0.0
E_noise_bias,28408,0.08,margin_abstain_guard,2000,0.846,0.9564725833804409,0.9568501359745452,0.034,0.0045,0.1155,0.7481481481481481,0.957345971563981,0.8399168399168399,0.10199999999999987,1.0,0.29202500000000314,0.0,0.0
E_noise_bias,28409,0.08,margin_abstain_guard,2000,0.8565,0.9656144306651635,0.9669671094649741,0.0265,0.004,0.113,0.8245033112582781,0.9688715953307393,0.8908765652951699,0.10199999999999987,1.0,0.2538500000000007,0.0,0.0
E_noise_bias,28410,0.08,margin_abstain_guard,2000,0.8495,0.9491620111731843,0.9589129462860062,0.042,0.0035,0.105,0.7469879518072289,0.9725490196078431,0.8449744463373083,0.10199999999999987,1.0,0.3298500000000044,0.0,0.0
E_noise_bias,28401,0.08,repeat3_guard,2000,0.9795,0.9795,0.9834330081693151,0.019,0.0015,0.0,0.8745874587458746,0.9888059701492538,0.9281961471103328,0.3060000000000007,3.0,0.4018999999999993,0.0,0.0
E_noise_bias,28402,0.08,repeat3_guard,2000,0.984,0.984,0.9877996844952824,0.015,0.001,0.0,0.9065420560747663,0.9931740614334471,0.9478827361563518,0.3060000000000007,3.0,0.38159999999999955,0.0,0.0
E_noise_bias,28403,0.08,repeat3_guard,2000,0.98,0.98,0.9765714285714285,0.0165,0.0035,0.0,0.8804347826086957,0.972,0.923954372623574,0.3060000000000007,3.0,0.3906,0.0,0.0
E_noise_bias,28404,0.08,repeat3_guard,2000,0.983,0.983,0.9799617082035306,0.0135,0.0035,0.0,0.9123376623376623,0.9756944444444444,0.9429530201342282,0.3060000000000007,3.0,0.37559999999999993,0.0,0.0
E_noise_bias,28405,0.08,repeat3_guard,2000,0.9825,0.9825,0.9744469967399904,0.0125,0.005,0.0,0.9131944444444444,0.9633699633699634,0.9376114081996436,0.3060000000000007,3.0,0.37149999999999966,0.0,0.0
E_noise_bias,28406,0.08,repeat3_guard,2000,0.983,0.983,0.9859998210474814,0.0155,0.0015,0.0,0.9085545722713865,0.9903536977491961,0.9476923076923077,0.3060000000000007,3.0,0.3843999999999997,0.0,0.0
E_noise_bias,28407,0.08,repeat3_guard,2000,0.982,0.982,0.977965054216529,0.0145,0.0035,0.0,0.8953068592057761,0.9725490196078431,0.9323308270676691,0.3060000000000007,3.0,0.3805999999999996,0.0,0.0
E_noise_bias,28408,0.08,repeat3_guard,2000,0.983,0.983,0.9866795250436984,0.016,0.001,0.0,0.879245283018868,0.9914893617021276,0.9319999999999999,0.3060000000000007,3.0,0.3865999999999997,0.0,0.0
E_noise_bias,28409,0.08,repeat3_guard,2000,0.9815,0.9815,0.9833991347168913,0.0165,0.002,0.0,0.8955696202531646,0.9860627177700348,0.9386401326699835,0.3060000000000007,3.0,0.38969999999999927,0.0,0.0
E_noise_bias,28410,0.08,repeat3_guard,2000,0.981,0.981,0.987458615081036,0.0185,0.0005,0.0,0.8836477987421384,0.9964539007092199,0.9366666666666666,0.3060000000000007,3.0,0.3987999999999995,0.0,0.0
E_noise_bias,28401,0.08,bayes_guard,2000,0.945,1.0,1.0,0.0,0.0,0.055,1.0,1.0,1.0,0.5100000000000016,5.0,0.5182500000000005,0.0,0.0
E_noise_bias,28402,0.08,bayes_guard,2000,0.9425,1.0,1.0,0.0,0.0,0.0575,1.0,1.0,1.0,0.5100000000000016,5.0,0.5186250000000004,0.0,0.0
E_noise_bias,28403,0.08,bayes_guard,2000,0.95,1.0,1.0,0.0,0.0,0.05,1.0,1.0,1.0,0.5100000000000016,5.0,0.5175000000000008,0.0,0.0
E_noise_bias,28404,0.08,bayes_guard,2000,0.9405,1.0,1.0,0.0,0.0,0.0595,1.0,1.0,1.0,0.5100000000000016,5.0,0.5189250000000005,0.0,0.0
E_noise_bias,28405,0.08,bayes_guard,2000,0.949,0.9994734070563455,0.9996943765281174,0.0005,0.0,0.0505,0.9962121212121212,1.0,0.9981024667931689,0.5100000000000016,5.0,0.5200750000000005,0.0,0.0
E_noise_bias,28406,0.08,bayes_guard,2000,0.94,1.0,1.0,0.0,0.0,0.06,1.0,1.0,1.0,0.5100000000000016,5.0,0.5190000000000005,0.0,0.0
E_noise_bias,28407,0.08,bayes_guard,2000,0.951,1.0,1.0,0.0,0.0,0.049,1.0,1.0,1.0,0.5100000000000016,5.0,0.5173500000000009,0.0,0.0
E_noise_bias,28408,0.08,bayes_guard,2000,0.943,1.0,1.0,0.0,0.0,0.057,1.0,1.0,1.0,0.5100000000000016,5.0,0.5185500000000006,0.0,0.0
E_noise_bias,28409,0.08,bayes_guard,2000,0.946,0.9989440337909187,0.999383477188656,0.001,0.0,0.053,0.9927007299270073,1.0,0.9963369963369962,0.5100000000000016,5.0,0.5229500000000006,0.0,0.0
E_noise_bias,28410,0.08,bayes_guard,2000,0.9345,0.9994652406417113,0.9981060606060606,0.0,0.0005,0.065,1.0,0.9962121212121212,0.9981024667931689,0.5100000000000016,5.0,0.5200500000000005,0.0,0.0
E_noise_bias,28401,0.12,crisp_guard,2000,0.877,0.877,0.8769432284305954,0.1065,0.0165,0.0,0.5245535714285714,0.8768656716417911,0.6564245810055866,0.10199999999999987,1.0,0.6443999999999941,0.0,0.0
E_noise_bias,28402,0.12,crisp_guard,2000,0.8845,0.8845,0.871553790755192,0.094,0.0215,0.0,0.5707762557077626,0.8532423208191127,0.6839945280437756,0.10199999999999987,1.0,0.5849000000000039,0.0,0.0
E_noise_bias,28403,0.12,crisp_guard,2000,0.871,0.871,0.8577142857142857,0.109,0.02,0.0,0.49065420560747663,0.84,0.6194690265486725,0.10199999999999987,1.0,0.6589999999999938,0.0,0.0
E_noise_bias,28404,0.12,crisp_guard,2000,0.88,0.88,0.8938051661474559,0.1075,0.0125,0.0,0.5502092050209205,0.9131944444444444,0.6866840731070496,0.10199999999999987,1.0,0.6469999999999941,0.0,0.0
E_noise_bias,28405,0.12,crisp_guard,2000,0.8605,0.8605,0.8683386677017251,0.123,0.0165,0.0,0.49382716049382713,0.8791208791208791,0.6324110671936758,0.10199999999999987,1.0,0.7268999999999848,0.0,0.0
E_noise_bias,28406,0.12,crisp_guard,2000,0.888,0.888,0.8930263726514862,0.0965,0.0155,0.0,0.5919661733615222,0.9003215434083601,0.7142857142857144,0.10199999999999987,1.0,0.593799999999999,0.0,0.0
E_noise_bias,28407,0.12,crisp_guard,2000,0.863,0.863,0.8645654250238778,0.12,0.017,0.0,0.4793926247288503,0.8666666666666667,0.61731843575419,0.10199999999999987,1.0,0.7121999999999868,0.0,0.0
E_noise_bias,28408,0.12,crisp_guard,2000,0.874,0.874,0.8622144536194323,0.108,0.018,0.0,0.4795180722891566,0.8468085106382979,0.6123076923076923,0.10199999999999987,1.0,0.6527999999999909,0.0,0.0
E_noise_bias,28409,0.12,crisp_guard,2000,0.877,0.877,0.8658343351009192,0.1015,0.0215,0.0,0.5458612975391499,0.8501742160278746,0.6648501362397821,0.10199999999999987,1.0,0.6223999999999951,0.0,0.0
E_noise_bias,28410,0.12,crisp_guard,2000,0.871,0.871,0.8671141604537687,0.1095,0.0195,0.0,0.525974025974026,0.8617021276595744,0.6532258064516129,0.10199999999999987,1.0,0.6611999999999963,0.0,0.0
E_noise_bias,28401,0.12,margin_abstain_guard,2000,0.7895,0.9535024154589372,0.9429868316041501,0.0305,0.008,0.172,0.7732342007434945,0.9285714285714286,0.8438133874239351,0.10199999999999987,1.0,0.28510000000000263,0.0,0.0
E_noise_bias,28402,0.12,margin_abstain_guard,2000,0.783,0.9542961608775137,0.9548505777736609,0.032,0.0055,0.1795,0.7873754152823921,0.9556451612903226,0.8633879781420766,0.10199999999999987,1.0,0.2922250000000024,0.0,0.0
E_noise_bias,28403,0.12,margin_abstain_guard,2000,0.7935,0.9452054794520548,0.9379876697813313,0.039,0.007,0.1605,0.7,0.9285714285714286,0.7982456140350878,0.10199999999999987,1.0,0.32527500000000464,0.0,0.0
E_noise_bias,28404,0.12,margin_abstain_guard,2000,0.797,0.9522102747909199,0.9554837571708947,0.035,0.005,0.163,0.77491961414791,0.9601593625498008,0.8576512455516014,0.10199999999999987,1.0,0.30445000000000344,0.0,0.0
E_noise_bias,28405,0.12,margin_abstain_guard,2000,0.78,0.9414604707302353,0.9328896471072043,0.04,0.0085,0.1715,0.7132616487455197,0.9212962962962963,0.804040404040404,0.10199999999999987,1.0,0.33282500000000415,0.0,0.0
E_noise_bias,28406,0.12,margin_abstain_guard,2000,0.792,0.948502994011976,0.9466939553303384,0.0355,0.0075,0.165,0.7808641975308642,0.9440298507462687,0.8547297297297298,0.10199999999999987,1.0,0.30875000000000424,0.0,0.0
E_noise_bias,28407,0.12,margin_abstain_guard,2000,0.785,0.9532483302975107,0.94346823437703,0.031,0.0075,0.1765,0.7633587786259542,0.9302325581395349,0.8385744234800838,0.10199999999999987,1.0,0.2879750000000024,0.0,0.0
E_noise_bias,28408,0.12,margin_abstain_guard,2000,0.7875,0.9431137724550899,0.9344198174706649,0.04,0.0075,0.165,0.6923076923076923,0.9230769230769231,0.7912087912087913,0.10199999999999987,1.0,0.3312500000000038,0.0,0.0
E_noise_bias,28409,0.12,margin_abstain_guard,2000,0.789,0.942652329749104,0.9341424968474148,0.0385,0.0095,0.163,0.7450331125827815,0.9221311475409836,0.8241758241758242,0.10199999999999987,1.0,0.32465000000000444,0.0,0.0
E_noise_bias,28410,0.12,margin_abstain_guard,2000,0.7825,0.9439083232810616,0.9368565604919505,0.0375,0.009,0.171,0.7524752475247525,0.926829268292683,0.8306010928961749,0.10199999999999987,1.0,0.3205500000000038,0.0,0.0
E_noise_bias,28401,0.12,repeat3_guard,2000,0.961,0.961,0.9585588225155975,0.033,0.006,0.0,0.7950310559006211,0.9552238805970149,0.8677966101694915,0.3060000000000007,3.0,0.47459999999999863,0.0,0.0
E_noise_bias,28402,0.12,repeat3_guard,2000,0.96,0.96,0.961017772632665,0.0345,0.0055,0.0,0.8034188034188035,0.962457337883959,0.875776397515528,0.3060000000000007,3.0,0.4817999999999988,0.0,0.0
E_noise_bias,28403,0.12,repeat3_guard,2000,0.961,0.961,0.964,0.035,0.004,0.0,0.7756410256410257,0.968,0.8612099644128114,0.3060000000000007,3.0,0.4833999999999982,0.0,0.0
E_noise_bias,28404,0.12,repeat3_guard,2000,0.9625,0.9625,0.96798740913811,0.034,0.0035,0.0,0.8051575931232091,0.9756944444444444,0.8822605965463108,0.3060000000000007,3.0,0.4780999999999984,0.0,0.0
E_noise_bias,28405,0.12,repeat3_guard,2000,0.963,0.963,0.963155740225804,0.032,0.005,0.0,0.8042813455657493,0.9633699633699634,0.8766666666666667,0.3060000000000007,3.0,0.46899999999999886,0.0,0.0
E_noise_bias,28406,0.12,repeat3_guard,2000,0.9535,0.9535,0.9554170259995165,0.04,0.0065,0.0,0.7883597883597884,0.9581993569131833,0.865021770682148,0.3060000000000007,3.0,0.5098999999999985,0.0,0.0
E_noise_bias,28407,0.12,repeat3_guard,2000,0.9535,0.9535,0.9566099219057251,0.0415,0.005,0.0,0.7469512195121951,0.9607843137254902,0.8404802744425386,0.3060000000000007,3.0,0.5164999999999981,0.0,0.0
E_noise_bias,28408,0.12,repeat3_guard,2000,0.9535,0.9535,0.9625881502019167,0.0435,0.003,0.0,0.7246835443037974,0.9744680851063829,0.8312159709618874,0.3060000000000007,3.0,0.5252999999999975,0.0,0.0
E_noise_bias,28409,0.12,repeat3_guard,2000,0.949,0.949,0.9499238249825581,0.044,0.007,0.0,0.7562326869806094,0.9512195121951219,0.8425925925925926,0.3060000000000007,3.0,0.5301999999999975,0.0,0.0
E_noise_bias,28410,0.12,repeat3_guard,2000,0.954,0.954,0.9569225307342366,0.0405,0.0055,0.0,0.7698863636363636,0.9609929078014184,0.8548895899053628,0.3060000000000007,3.0,0.5117999999999985,0.0,0.0
E_noise_bias,28401,0.12,bayes_guard,2000,0.896,0.9988851727982163,0.9993535875888817,0.001,0.0,0.103,0.9919678714859438,1.0,0.995967741935484,0.5100000000000016,5.0,0.53045,0.0,0.0
E_noise_bias,28402,0.12,bayes_guard,2000,0.8845,1.0,1.0,0.0,0.0,0.1155,1.0,1.0,1.0,0.5100000000000016,5.0,0.5273249999999999,0.0,0.0
E_noise_bias,28403,0.12,bayes_guard,2000,0.883,0.9994340690435767,0.9996776273372018,0.0005,0.0,0.1165,0.9953917050691244,1.0,0.997690531177829,0.5100000000000016,5.0,0.5299749999999999,0.0,0.0
E_noise_bias,28404,0.12,bayes_guard,2000,0.8835,0.996054114994363,0.9960642321444707,0.003,0.0005,0.113,0.9769230769230769,0.996078431372549,0.9864077669902912,0.5100000000000016,5.0,0.5422499999999998,0.0,0.0
E_noise_bias,28405,0.12,bayes_guard,2000,0.8995,0.9994444444444445,0.9979591836734694,0.0,0.0005,0.1,1.0,0.9959183673469387,0.9979550102249488,0.5100000000000016,5.0,0.5253,0.0,0.0
E_noise_bias,28406,0.12,bayes_guard,2000,0.9055,0.9988968560397132,0.9979475626599045,0.0005,0.0005,0.0935,0.996551724137931,0.996551724137931,0.996551724137931,0.5100000000000016,5.0,0.5268250000000002,0.0,0.0
E_noise_bias,28407,0.12,bayes_guard,2000,0.875,1.0,1.0,0.0,0.0,0.125,1.0,1.0,1.0,0.5100000000000016,5.0,0.5287499999999998,0.0,0.0
E_noise_bias,28408,0.12,bayes_guard,2000,0.881,0.9994327850255247,0.9996794871794872,0.0005,0.0,0.1185,0.9950980392156863,1.0,0.9975429975429976,0.5100000000000016,5.0,0.5302749999999995,0.0,0.0
E_noise_bias,28409,0.12,bayes_guard,2000,0.893,0.9983230855226384,0.9990176817288802,0.0015,0.0,0.1055,0.9886792452830189,1.0,0.9943074003795066,0.5100000000000016,5.0,0.5333249999999998,0.0,0.0
E_noise_bias,28410,0.12,bayes_guard,2000,0.8845,0.9994350282485875,0.9996727748691099,0.0005,0.0,0.115,0.9958847736625515,1.0,0.9979381443298969,0.5100000000000016,5.0,0.5297499999999996,0.0,0.0
E_noise_bias,28401,0.18,crisp_guard,2000,0.831,0.831,0.829883492468374,0.146,0.023,0.0,0.43190661478599224,0.8283582089552238,0.5677749360613811,0.10199999999999987,1.0,0.8457999999999808,0.0,0.0
E_noise_bias,28402,0.18,crisp_guard,2000,0.818,0.818,0.8184608248309011,0.1555,0.0265,0.0,0.4355716878402904,0.8191126279863481,0.5687203791469194,0.10199999999999987,1.0,0.8953999999999762,0.0,0.0
E_noise_bias,28403,0.18,crisp_guard,2000,0.8215,0.8215,0.8345714285714285,0.16,0.0185,0.0,0.399624765478424,0.852,0.5440613026819924,0.10199999999999987,1.0,0.913099999999976,0.0,0.0
E_noise_bias,28404,0.18,crisp_guard,2000,0.821,0.821,0.8145768431983386,0.151,0.028,0.0,0.4344569288389513,0.8055555555555556,0.5644768856447688,0.10199999999999987,1.0,0.8737999999999775,0.0,0.0
E_noise_bias,28405,0.18,crisp_guard,2000,0.8175,0.8175,0.8233942278528266,0.1595,0.023,0.0,0.4157509157509158,0.8315018315018315,0.5543345543345545,0.10199999999999987,1.0,0.9132999999999745,0.0,0.0
E_noise_bias,28406,0.18,crisp_guard,2000,0.8055,0.8055,0.8087654370344141,0.1655,0.029,0.0,0.4332191780821918,0.8135048231511254,0.5653631284916202,0.10199999999999987,1.0,0.9468999999999729,0.0,0.0
E_noise_bias,28407,0.18,crisp_guard,2000,0.822,0.822,0.8109331984942973,0.152,0.026,0.0,0.40039447731755423,0.796078431372549,0.5328083989501312,0.10199999999999987,1.0,0.8775999999999771,0.0,0.0
E_noise_bias,28408,0.18,crisp_guard,2000,0.811,0.811,0.8043879211620759,0.165,0.024,0.0,0.3617021276595745,0.7957446808510639,0.49734042553191493,0.10199999999999987,1.0,0.9413999999999787,0.0,0.0
E_noise_bias,28409,0.18,crisp_guard,2000,0.8075,0.8075,0.8064086682898353,0.1645,0.028,0.0,0.4125,0.8048780487804879,0.5454545454545455,0.10199999999999987,1.0,0.9412999999999738,0.0,0.0
E_noise_bias,28410,0.18,crisp_guard,2000,0.8105,0.8105,0.7948484548254197,0.1575,0.032,0.0,0.4090056285178236,0.7730496453900709,0.5349693251533741,0.10199999999999987,1.0,0.9086999999999728,0.0,0.0
E_noise_bias,28401,0.18,margin_abstain_guard,2000,0.715,0.9255663430420712,0.9344660194174758,0.052,0.0055,0.2275,0.6521739130434783,0.9466019417475728,0.7722772277227723,0.10199999999999987,1.0,0.3994250000000052,0.0,0.0
E_noise_bias,28402,0.18,margin_abstain_guard,2000,0.7015,0.923633969716919,0.9243769279899983,0.0495,0.0085,0.2405,0.6806451612903226,0.9254385964912281,0.7843866171003717,0.10199999999999987,1.0,0.39067500000000577,0.0,0.0
E_noise_bias,28403,0.18,margin_abstain_guard,2000,0.6855,0.9103585657370518,0.9086893073581617,0.058,0.0095,0.247,0.6133333333333333,0.9064039408866995,0.731610337972167,0.10199999999999987,1.0,0.43475000000000735,0.0,0.0
E_noise_bias,28404,0.18,margin_abstain_guard,2000,0.674,0.9232876712328767,0.9153825265146733,0.046,0.01,0.27,0.6725978647686833,0.9043062200956937,0.7714285714285715,0.10199999999999987,1.0,0.37850000000000567,0.0,0.0
E_noise_bias,28405,0.18,margin_abstain_guard,2000,0.695,0.9162821357943309,0.9054523263015994,0.052,0.0115,0.2415,0.6426116838487973,0.8904761904761904,0.7465069860279441,0.10199999999999987,1.0,0.4051250000000056,0.0,0.0
E_noise_bias,28406,0.18,margin_abstain_guard,2000,0.6915,0.9232309746328438,0.9341331696029207,0.0515,0.006,0.251,0.6897590361445783,0.950207468879668,0.799301919720768,0.10199999999999987,1.0,0.4007500000000048,0.0,0.0
E_noise_bias,28407,0.18,margin_abstain_guard,2000,0.675,0.9208731241473397,0.9145172732549391,0.0495,0.0085,0.267,0.623574144486692,0.9060773480662984,0.7387387387387389,0.10199999999999987,1.0,0.3946500000000058,0.0,0.0
E_noise_bias,28408,0.18,margin_abstain_guard,2000,0.688,0.9118621603711067,0.910202763786646,0.0585,0.008,0.2455,0.5745454545454546,0.9080459770114943,0.7037861915367484,0.10199999999999987,1.0,0.4361250000000075,0.0,0.0
E_noise_bias,28409,0.18,margin_abstain_guard,2000,0.6755,0.9091520861372813,0.91647579597141,0.0605,0.007,0.257,0.5925925925925926,0.9263157894736842,0.7227926078028748,0.10199999999999987,1.0,0.4472500000000062,0.0,0.0
E_noise_bias,28410,0.18,margin_abstain_guard,2000,0.697,0.9183135704874835,0.9055553207268758,0.051,0.011,0.241,0.631768953068592,0.8883248730964467,0.7383966244725737,0.10199999999999987,1.0,0.39975000000000543,0.0,0.0
E_noise_bias,28401,0.18,repeat3_guard,2000,0.9185,0.9185,0.9040579435386578,0.066,0.0155,0.0,0.6422764227642277,0.8843283582089553,0.7441130298273156,0.3060000000000007,3.0,0.6452999999999929,0.0,0.0
E_noise_bias,28402,0.18,repeat3_guard,2000,0.905,0.905,0.9005260411355771,0.0795,0.0155,0.0,0.6223277909738717,0.89419795221843,0.7338935574229692,0.3060000000000007,3.0,0.7127999999999904,0.0,0.0
E_noise_bias,28403,0.18,repeat3_guard,2000,0.906,0.906,0.9154285714285715,0.085,0.009,0.0,0.5771144278606966,0.928,0.7116564417177915,0.3060000000000007,3.0,0.7363999999999906,0.0,0.0
E_noise_bias,28404,0.18,repeat3_guard,2000,0.903,0.903,0.8942432502596054,0.08,0.017,0.0,0.6135265700483091,0.8819444444444444,0.7236467236467236,0.3060000000000007,3.0,0.7161999999999913,0.0,0.0
E_noise_bias,28405,0.18,repeat3_guard,2000,0.919,0.919,0.9145482967139018,0.0685,0.0125,0.0,0.6441558441558441,0.9084249084249084,0.7537993920972644,0.3060000000000007,3.0,0.6559999999999916,0.0,0.0
E_noise_bias,28406,0.18,repeat3_guard,2000,0.899,0.899,0.8942923665328331,0.0835,0.0175,0.0,0.6230248306997742,0.887459807073955,0.7320954907161803,0.3060000000000007,3.0,0.7339999999999903,0.0,0.0
E_noise_bias,28407,0.18,repeat3_guard,2000,0.9165,0.9165,0.9119669644362043,0.0715,0.012,0.0,0.6176470588235294,0.9058823529411765,0.7344992050874405,0.3060000000000007,3.0,0.6706999999999916,0.0,0.0
E_noise_bias,28408,0.18,repeat3_guard,2000,0.902,0.902,0.916810318847568,0.0905,0.0075,0.0,0.5486284289276808,0.9361702127659575,0.6918238993710693,0.3060000000000007,3.0,0.7629999999999885,0.0,0.0
E_noise_bias,28409,0.18,repeat3_guard,2000,0.911,0.911,0.9132377738588494,0.077,0.012,0.0,0.6306954436450839,0.9163763066202091,0.747159090909091,0.3060000000000007,3.0,0.6981999999999919,0.0,0.0
E_noise_bias,28410,0.18,repeat3_guard,2000,0.9205,0.9205,0.9314950585787531,0.072,0.0075,0.0,0.6496350364963503,0.9468085106382979,0.7705627705627707,0.3060000000000007,3.0,0.6704999999999925,0.0,0.0
E_noise_bias,28401,0.18,bayes_guard,2000,0.778,0.9948849104859335,0.9929583230983379,0.003,0.001,0.218,0.9715639810426541,0.9903381642512077,0.9808612440191389,0.5100000000000016,5.0,0.5582999999999995,0.0,0.0
E_noise_bias,28402,0.18,bayes_guard,2000,0.764,0.9941444372153546,0.9928878726287262,0.0035,0.001,0.2315,0.9695652173913043,0.9911111111111112,0.9802197802197803,0.5100000000000016,5.0,0.5628249999999991,0.0,0.0
E_noise_bias,28403,0.18,bayes_guard,2000,0.777,0.9948783610755442,0.9905542849705287,0.0025,0.0015,0.219,0.9748743718592965,0.9847715736040609,0.9797979797979797,0.5100000000000016,5.0,0.5562499999999995,0.0,0.0
E_noise_bias,28404,0.18,bayes_guard,2000,0.7695,0.9948287007110537,0.9932498340400742,0.003,0.001,0.2265,0.973568281938326,0.9910313901345291,0.9822222222222222,0.5100000000000016,5.0,0.5595749999999994,0.0,0.0
E_noise_bias,28405,0.18,bayes_guard,2000,0.7785,0.9904580152671756,0.9904847634336336,0.0065,0.001,0.214,0.9414414414414415,0.990521327014218,0.9653579676674365,0.5100000000000016,5.0,0.575199999999999,0.0,0.0
E_noise_bias,28406,0.18,bayes_guard,2000,0.774,0.9904030710172744,0.9876028806584363,0.0055,0.002,0.2185,0.956,0.9835390946502057,0.969574036511156,0.5100000000000016,5.0,0.5714749999999997,0.0,0.0
E_noise_bias,28407,0.18,bayes_guard,2000,0.7675,0.9928848641655886,0.9936811054184133,0.005,0.0005,0.227,0.949748743718593,0.9947368421052631,0.9717223650385605,0.5100000000000016,5.0,0.5693499999999994,0.0,0.0
E_noise_bias,28408,0.18,bayes_guard,2000,0.766,0.993514915693904,0.9918534934724244,0.004,0.001,0.229,0.9597989949748744,0.9896373056994818,0.9744897959183673,0.5100000000000016,5.0,0.5649499999999997,0.0,0.0
E_noise_bias,28409,0.18,bayes_guard,2000,0.7895,0.9949590422180214,0.9951836451836452,0.0035,0.0005,0.2065,0.9692982456140351,0.9954954954954955,0.9822222222222222,0.5100000000000016,5.0,0.5587749999999991,0.0,0.0
E_noise_bias,28410,0.18,bayes_guard,2000,0.7725,0.9929305912596401,0.9940069097991986,0.005,0.0005,0.222,0.9568965517241379,0.9955156950672646,0.9758241758241758,0.5100000000000016,5.0,0.5685999999999994,0.0,0.0
E_noise_bias,28401,0.25,crisp_guard,2000,0.7425,0.7425,0.7425157698803901,0.223,0.0345,0.0,0.3085271317829457,0.7425373134328358,0.4359255202628696,0.10199999999999987,1.0,1.237699999999974,0.0,0.0
E_noise_bias,28402,0.25,crisp_guard,2000,0.7405,0.7405,0.7546830857081162,0.2265,0.033,0.0,0.3338235294117647,0.7747440273037542,0.46659815005138744,0.10199999999999987,1.0,1.2542999999999722,0.0,0.0
E_noise_bias,28403,0.25,crisp_guard,2000,0.74,0.74,0.7571428571428571,0.2325,0.0275,0.0,0.29545454545454547,0.78,0.4285714285714286,0.10199999999999987,1.0,1.280999999999972,0.0,0.0
E_noise_bias,28404,0.25,crisp_guard,2000,0.7525,0.7525,0.7586805555555556,0.214,0.0335,0.0,0.3405238828967643,0.7673611111111112,0.47171824973319104,0.10199999999999987,1.0,1.192099999999972,0.0,0.0
E_noise_bias,28405,0.25,crisp_guard,2000,0.729,0.729,0.7274318038649249,0.2335,0.0375,0.0,0.29774436090225564,0.7252747252747253,0.4221748400852879,0.10199999999999987,1.0,1.2919999999999723,0.0,0.0
E_noise_bias,28406,0.25,crisp_guard,2000,0.733,0.733,0.7422303195063957,0.229,0.038,0.0,0.33910533910533913,0.7556270096463023,0.46812749003984067,0.10199999999999987,1.0,1.2697999999999756,0.0,0.0
E_noise_bias,28407,0.25,crisp_guard,2000,0.7285,0.7285,0.7607000393280521,0.2465,0.025,0.0,0.29369627507163326,0.803921568627451,0.4302203567681008,0.10199999999999987,1.0,1.3494999999999753,0.0,0.0
E_noise_bias,28408,0.25,crisp_guard,2000,0.744,0.744,0.7221626182870231,0.22,0.036,0.0,0.2703150912106136,0.6936170212765957,0.38902147971360385,0.10199999999999987,1.0,1.2235999999999725,0.0,0.0
E_noise_bias,28409,0.25,crisp_guard,2000,0.7525,0.7525,0.7351438375529615,0.206,0.0415,0.0,0.33116883116883117,0.710801393728223,0.45182724252491696,0.10199999999999987,1.0,1.1568999999999716,0.0,0.0
E_noise_bias,28410,0.25,crisp_guard,2000,0.7325,0.7325,0.7509288385802393,0.236,0.0315,0.0,0.31693198263386396,0.776595744680851,0.45015416238437816,0.10199999999999987,1.0,1.3008999999999749,0.0,0.0
E_noise_bias,28401,0.25,margin_abstain_guard,2000,0.5695,0.8802163833075735,0.8783186400214457,0.0665,0.011,0.353,0.5381944444444444,0.8757062146892656,0.6666666666666666,0.10199999999999987,1.0,0.49405000000000493,0.0,0.0
E_noise_bias,28402,0.25,margin_abstain_guard,2000,0.576,0.8930232558139535,0.9022677796519758,0.061,0.008,0.355,0.5864406779661017,0.9153439153439153,0.7148760330578513,0.10199999999999987,1.0,0.46505000000000485,0.0,0.0
E_noise_bias,28403,0.25,margin_abstain_guard,2000,0.5815,0.8871090770404272,0.8923938679245282,0.066,0.008,0.3445,0.52,0.89937106918239,0.6589861751152074,0.10199999999999987,1.0,0.4884750000000054,0.0,0.0
E_noise_bias,28404,0.25,margin_abstain_guard,2000,0.5715,0.8901869158878505,0.8974407114624506,0.062,0.0085,0.358,0.5738831615120275,0.907608695652174,0.7031578947368421,0.10199999999999987,1.0,0.47080000000000577,0.0,0.0
E_noise_bias,28405,0.25,margin_abstain_guard,2000,0.5925,0.8997722095671982,0.9059169377032774,0.0585,0.0075,0.3415,0.5776173285198556,0.9142857142857143,0.7079646017699115,0.10199999999999987,1.0,0.45022500000000504,0.0,0.0
E_noise_bias,28406,0.25,margin_abstain_guard,2000,0.581,0.8911042944785276,0.8895365418894831,0.0595,0.0115,0.348,0.6033333333333334,0.8872549019607843,0.7182539682539683,0.10199999999999987,1.0,0.45860000000000567,0.0,0.0
E_noise_bias,28407,0.25,margin_abstain_guard,2000,0.573,0.8946135831381733,0.8881895294181209,0.0575,0.01,0.3595,0.5593869731800766,0.8795180722891566,0.6838407494145198,0.10199999999999987,1.0,0.44942500000000424,0.0,0.0
E_noise_bias,28408,0.25,margin_abstain_guard,2000,0.5775,0.8884615384615384,0.9076224662162162,0.0675,0.005,0.35,0.5054945054945055,0.9324324324324325,0.6555819477434679,0.10199999999999987,1.0,0.4950000000000058,0.0,0.0
E_noise_bias,28409,0.25,margin_abstain_guard,2000,0.604,0.8941524796447077,0.916316057882323,0.0665,0.005,0.3245,0.5737179487179487,0.9470899470899471,0.714570858283433,0.10199999999999987,1.0,0.4861750000000055,0.0,0.0
E_noise_bias,28410,0.25,margin_abstain_guard,2000,0.5715,0.8819444444444444,0.8904282819814155,0.067,0.0095,0.352,0.567741935483871,0.9025641025641026,0.697029702970297,0.10199999999999987,1.0,0.4955000000000059,0.0,0.0
E_noise_bias,28401,0.25,repeat3_guard,2000,0.838,0.838,0.8370790389852125,0.14,0.022,0.0,0.4444444444444444,0.835820895522388,0.5803108808290155,0.3060000000000007,3.0,1.0191999999999848,0.0,0.0
E_noise_bias,28402,0.25,repeat3_guard,2000,0.8255,0.8255,0.8242680710425452,0.1485,0.026,0.0,0.4479553903345725,0.8225255972696246,0.5800240673886883,0.3060000000000007,3.0,1.064099999999986,0.0,0.0
E_noise_bias,28403,0.25,repeat3_guard,2000,0.8285,0.8285,0.8197142857142857,0.1475,0.024,0.0,0.40643863179074446,0.808,0.5408299866131191,0.3060000000000007,3.0,1.0578999999999859,0.0,0.0
E_noise_bias,28404,0.25,repeat3_guard,2000,0.8455,0.8455,0.8389959761163033,0.13,0.0245,0.0,0.4789579158316633,0.8298611111111112,0.6073697585768743,0.3060000000000007,3.0,0.9706999999999844,0.0,0.0
E_noise_bias,28405,0.25,repeat3_guard,2000,0.8375,0.8375,0.8426849159333236,0.142,0.0205,0.0,0.4496124031007752,0.8498168498168498,0.5880861850443599,0.3060000000000007,3.0,1.0282999999999847,0.0,0.0
E_noise_bias,28406,0.25,repeat3_guard,2000,0.859,0.859,0.8496227718983625,0.1155,0.0255,0.0,0.5295315682281059,0.8360128617363344,0.6483790523690772,0.3060000000000007,3.0,0.898799999999986,0.0,0.0
E_noise_bias,28407,0.25,repeat3_guard,2000,0.8455,0.8455,0.8528625203663127,0.137,0.0175,0.0,0.44534412955465585,0.8627450980392157,0.5874499332443258,0.3060000000000007,3.0,1.0014999999999843,0.0,0.0
E_noise_bias,28408,0.25,repeat3_guard,2000,0.832,0.832,0.8181303116147309,0.1445,0.0235,0.0,0.3941299790356394,0.8,0.5280898876404495,0.3060000000000007,3.0,1.0425999999999849,0.0,0.0
E_noise_bias,28409,0.25,repeat3_guard,2000,0.843,0.843,0.8387347421134956,0.133,0.024,0.0,0.47326732673267324,0.8327526132404182,0.6035353535353535,0.3060000000000007,3.0,0.9853999999999836,0.0,0.0
E_noise_bias,28410,0.25,repeat3_guard,2000,0.8325,0.8325,0.8269202189582147,0.142,0.0255,0.0,0.44854368932038835,0.8191489361702128,0.5796737766624843,0.3060000000000007,3.0,1.0312999999999843,0.0,0.0
E_noise_bias,28401,0.25,bayes_guard,2000,0.636,0.9754601226993865,0.9761163665954633,0.014,0.002,0.348,0.8585858585858586,0.9770114942528736,0.9139784946236559,0.5100000000000016,5.0,0.6334000000000012,0.0,0.0
E_noise_bias,28402,0.25,bayes_guard,2000,0.6295,0.9744582043343654,0.9733877312246586,0.014,0.0025,0.354,0.8606965174129353,0.9719101123595506,0.9129287598944591,0.5100000000000016,5.0,0.6346000000000015,0.0,0.0
E_noise_bias,28403,0.25,bayes_guard,2000,0.649,0.9737434358589647,0.9742860187553282,0.0155,0.002,0.3335,0.8342245989304813,0.975,0.899135446685879,0.5100000000000016,5.0,0.6387250000000013,0.0,0.0
E_noise_bias,28404,0.25,bayes_guard,2000,0.632,0.9738058551617874,0.9803526072015538,0.016,0.001,0.351,0.8571428571428571,0.9896907216494846,0.9186602870813396,0.5100000000000016,5.0,0.643250000000002,0.0,0.0
E_noise_bias,28405,0.25,bayes_guard,2000,0.6355,0.9739463601532568,0.9724430160846738,0.0145,0.0025,0.3475,0.8497409326424871,0.9704142011834319,0.9060773480662984,0.5100000000000016,5.0,0.6361250000000013,0.0,0.0
E_noise_bias,28406,0.25,bayes_guard,2000,0.641,0.9793735676088617,0.9759174009101392,0.0105,0.003,0.3455,0.9049773755656109,0.970873786407767,0.936768149882904,0.5100000000000016,5.0,0.6161250000000007,0.0,0.0
E_noise_bias,28407,0.25,bayes_guard,2000,0.625,0.9712509712509713,0.9680035650623886,0.0155,0.003,0.3565,0.8368421052631579,0.9636363636363636,0.8957746478873241,0.5100000000000016,5.0,0.6427750000000023,0.0,0.0
E_noise_bias,28408,0.25,bayes_guard,2000,0.625,0.9742790335151987,0.9796849039384083,0.0155,0.001,0.3585,0.8277777777777777,0.9867549668874173,0.9003021148036253,0.5100000000000016,5.0,0.6418750000000011,0.0,0.0
E_noise_bias,28409,0.25,bayes_guard,2000,0.6435,0.9787072243346008,0.9737252379977979,0.011,0.003,0.3425,0.8883248730964467,0.9668508287292817,0.9259259259259259,0.5100000000000016,5.0,0.6181749999999999,0.0,0.0
E_noise_bias,28410,0.25,bayes_guard,2000,0.616,0.9739130434782609,0.9666975023126735,0.0125,0.004,0.3675,0.8756218905472637,0.9565217391304348,0.9142857142857143,0.5100000000000016,5.0,0.6300250000000005,0.0,0.0
