hidden_flip_rate,test_harm_weight,failure_harm,best_method,best_total_cost,text_total_cost,eager_eatl_total_cost,risk_aware_eatl_total_cost,risk_minus_text,eager_minus_text
0.0,0.0,1.0,text_prior,0.005266666666666667,0.005266666666666667,0.026500000000000003,0.013466666666666663,0.008199999999999995,0.021233333333333337
0.0,0.0,2.0,text_prior,0.009433333333333334,0.009433333333333334,0.043300000000000005,0.0214,0.011966666666666665,0.03386666666666667
0.0,0.0,5.0,text_prior,0.021933333333333332,0.021933333333333332,0.10859999999999997,0.052166666666666674,0.03023333333333334,0.08666666666666664
0.0,0.0,10.0,text_prior,0.04276666666666667,0.04276666666666667,0.2202333333333333,0.0799,0.03713333333333333,0.17746666666666663
0.0,0.0,20.0,text_prior,0.08443333333333333,0.08443333333333333,0.4257,0.1386333333333333,0.05419999999999997,0.3412666666666667
0.0,0.1,1.0,text_prior,0.007299999999999999,0.007299999999999999,0.040133333333333486,0.019663166666666683,0.012363166666666684,0.032833333333333485
0.0,0.1,2.0,text_prior,0.0133,0.0133,0.058433333333333455,0.026244666666666774,0.012944666666666774,0.045133333333333456
0.0,0.1,5.0,text_prior,0.0313,0.0313,0.12546666666666717,0.05886533333333344,0.02756533333333344,0.09416666666666718
0.0,0.1,10.0,text_prior,0.06130000000000001,0.06130000000000001,0.20156666666666634,0.09020183333333351,0.0289018333333335,0.14026666666666632
0.0,0.1,20.0,risk_aware_eatl,0.11235183333333351,0.12129999999999999,0.40366666666666545,0.11235183333333351,-0.00894816666666648,0.28236666666666543
0.0,0.25,1.0,text_prior,0.005966666666666666,0.005966666666666666,0.05399999999999999,0.02885208333333328,0.022885416666666616,0.048033333333333324
0.0,0.25,2.0,text_prior,0.010633333333333333,0.010633333333333333,0.07153333333333345,0.03079916666666662,0.020165833333333286,0.060900000000000114
0.0,0.25,5.0,text_prior,0.024633333333333333,0.024633333333333333,0.1387000000000009,0.05257791666666671,0.027944583333333377,0.11406666666666757
0.0,0.25,10.0,text_prior,0.04796666666666667,0.04796666666666667,0.25130000000000197,0.08412666666666674,0.03616000000000007,0.2033333333333353
0.0,0.25,20.0,text_prior,0.09463333333333333,0.09463333333333333,0.46786666666666066,0.1603129166666674,0.06567958333333405,0.3732333333333273
0.0,0.5,1.0,text_prior,0.0067333333333333325,0.0067333333333333325,0.07866666666666641,0.040178333333333316,0.03344499999999998,0.07193333333333309
0.0,0.5,2.0,text_prior,0.012066666666666667,0.012066666666666667,0.09719999999999993,0.04869999999999991,0.03663333333333324,0.08513333333333326
0.0,0.5,5.0,text_prior,0.028066666666666667,0.028066666666666667,0.1592000000000003,0.07185499999999989,0.04378833333333322,0.13113333333333366
0.0,0.5,10.0,text_prior,0.054733333333333335,0.054733333333333335,0.2528666666666681,0.12807833333333352,0.07334500000000019,0.1981333333333348
0.0,0.5,20.0,text_prior,0.10806666666666667,0.10806666666666667,0.49690000000000284,0.15645416666666678,0.04838750000000011,0.38883333333333614
0.0,0.75,1.0,text_prior,0.006033333333333333,0.006033333333333333,0.1031000000000006,0.05316916666666706,0.047135833333333724,0.09706666666666726
0.0,0.75,2.0,text_prior,0.010866666666666665,0.010866666666666665,0.12513333333333373,0.06697875000000049,0.056112083333333826,0.11426666666666707
0.0,0.75,5.0,text_prior,0.025366666666666666,0.025366666666666666,0.18503333333333327,0.08554583333333382,0.06017916666666716,0.1596666666666666
0.0,0.75,10.0,text_prior,0.04953333333333334,0.04953333333333334,0.27459999999999896,0.1325612500000003,0.08302791666666695,0.2250666666666656
0.0,0.75,20.0,text_prior,0.09786666666666667,0.09786666666666667,0.5241999999999976,0.1841629166666666,0.08629624999999992,0.4263333333333309
0.0,1.0,1.0,text_prior,0.005166666666666667,0.005166666666666667,0.13149999999999923,0.06841833333333339,0.06325166666666672,0.12633333333333258
0.0,1.0,2.0,text_prior,0.008833333333333332,0.008833333333333332,0.1557666666666662,0.07558333333333332,0.06674999999999999,0.14693333333333286
0.0,1.0,5.0,text_prior,0.019833333333333335,0.019833333333333335,0.22460000000000008,0.0999799999999998,0.08014666666666648,0.20476666666666674
0.0,1.0,10.0,text_prior,0.03816666666666667,0.03816666666666667,0.3216333333333343,0.12414833333333318,0.08598166666666651,0.28346666666666764
0.0,1.0,20.0,text_prior,0.07483333333333334,0.07483333333333334,0.5050666666666697,0.19394833333333344,0.11911500000000011,0.43023333333333635
0.0,1.25,1.0,text_prior,0.005866666666666666,0.005866666666666666,0.1560333333333336,0.08065624999999992,0.07478958333333324,0.15016666666666695
0.0,1.25,2.0,text_prior,0.010533333333333334,0.010533333333333334,0.17686666666666695,0.0871687499999999,0.07663541666666657,0.1663333333333336
0.0,1.25,5.0,text_prior,0.024533333333333334,0.024533333333333334,0.21693333333333367,0.11868958333333322,0.09415624999999989,0.19240000000000035
0.0,1.25,10.0,text_prior,0.04786666666666667,0.04786666666666667,0.31723333333333326,0.1562958333333333,0.10842916666666663,0.2693666666666666
0.0,1.25,20.0,text_prior,0.09453333333333333,0.09453333333333333,0.5661333333333324,0.24263958333333346,0.14810625000000013,0.471599999999999
0.0,1.75,1.0,text_prior,0.0052,0.0052,0.20170000000000032,0.1087691666666662,0.1035691666666662,0.1965000000000003
0.0,1.75,2.0,text_prior,0.0092,0.0092,0.22590000000000052,0.11994999999999947,0.11074999999999947,0.2167000000000005
0.0,1.75,5.0,text_prior,0.0212,0.0212,0.295600000000001,0.15093041666666626,0.12973041666666627,0.274400000000001
0.0,1.75,10.0,text_prior,0.0412,0.0412,0.390766666666668,0.18221333333333314,0.14101333333333316,0.34956666666666797
0.0,1.75,20.0,text_prior,0.0812,0.0812,0.6007666666666656,0.25940833333333363,0.17820833333333364,0.5195666666666656
0.0,2.5,1.0,text_prior,0.006666666666666667,0.006666666666666667,0.2846000000000005,0.1518666666666665,0.14519999999999986,0.27793333333333387
0.0,2.5,2.0,text_prior,0.012333333333333333,0.012333333333333333,0.30116666666666725,0.16052083333333314,0.1481874999999998,0.28883333333333394
0.0,2.5,5.0,text_prior,0.029333333333333333,0.029333333333333333,0.3636000000000007,0.18032916666666643,0.1509958333333331,0.3342666666666674
0.0,2.5,10.0,text_prior,0.05766666666666667,0.05766666666666667,0.4721666666666674,0.21768333333333306,0.1600166666666664,0.41450000000000076
0.0,2.5,20.0,text_prior,0.11433333333333333,0.11433333333333333,0.6298999999999998,0.29008333333333325,0.1757499999999999,0.5155666666666665
0.0,3.0,1.0,text_prior,0.004666666666666666,0.004666666666666666,0.33310000000000284,0.17612666666666743,0.17146000000000078,0.3284333333333362
0.0,3.0,2.0,text_prior,0.008333333333333333,0.008333333333333333,0.3524666666666693,0.1881600000000011,0.17982666666666777,0.34413333333333596
0.0,3.0,5.0,text_prior,0.019333333333333334,0.019333333333333334,0.40970000000000245,0.21223166666666812,0.19289833333333478,0.39036666666666914
0.0,3.0,10.0,text_prior,0.03766666666666667,0.03766666666666667,0.530233333333335,0.24586166666666848,0.2081950000000018,0.4925666666666683
0.0,3.0,20.0,text_prior,0.07433333333333333,0.07433333333333333,0.6614000000000005,0.33327000000000173,0.25893666666666837,0.5870666666666672
0.05,0.0,1.0,text_prior,0.0127,0.0127,0.02736666666666667,0.012833333333333332,0.00013333333333333253,0.014666666666666672
0.05,0.0,2.0,risk_aware_eatl,0.021,0.0237,0.045633333333333345,0.021,-0.0026999999999999975,0.021933333333333346
0.05,0.0,5.0,risk_aware_eatl,0.04660000000000001,0.0567,0.11473333333333331,0.04660000000000001,-0.010099999999999991,0.05803333333333331
0.05,0.0,10.0,risk_aware_eatl,0.06670000000000001,0.1117,0.20606666666666665,0.06670000000000001,-0.044999999999999984,0.09436666666666665
0.05,0.0,20.0,risk_aware_eatl,0.14196666666666663,0.2217,0.41146666666666676,0.14196666666666663,-0.07973333333333338,0.18976666666666675
0.05,0.1,1.0,text_prior,0.0123,0.0123,0.0363666666666669,0.018581166666666656,0.006281166666666655,0.024066666666666903
0.05,0.1,2.0,text_prior,0.0238,0.0238,0.05493333333333342,0.02650216666666673,0.0027021666666667277,0.031133333333333416
0.05,0.1,5.0,risk_aware_eatl,0.04829983333333343,0.058300000000000005,0.11816666666666732,0.04829983333333343,-0.010000166666666574,0.05986666666666732
0.05,0.1,10.0,conservative_prior,0.09588333333333349,0.1158,0.2372999999999993,0.104084166666667,-0.011715833333332995,0.12149999999999929
0.05,0.1,20.0,conservative_prior,0.1692166666666668,0.2308,0.4660999999999986,0.17166949999999997,-0.05913050000000003,0.23529999999999862
0.05,0.25,1.0,text_prior,0.0121,0.0121,0.0516333333333333,0.027642083333333272,0.015542083333333272,0.0395333333333333
0.05,0.25,2.0,text_prior,0.0236,0.0236,0.07443333333333349,0.036546249999999975,0.012946249999999975,0.050833333333333494
0.05,0.25,5.0,risk_aware_eatl,0.04897708333333335,0.0581,0.12923333333333398,0.04897708333333335,-0.009122916666666647,0.07113333333333398
0.05,0.25,10.0,risk_aware_eatl,0.08511166666666675,0.1156,0.23690000000000244,0.08511166666666675,-0.030488333333333242,0.12130000000000245
0.05,0.25,20.0,risk_aware_eatl,0.14670375000000035,0.2306,0.4777666666666594,0.14670375000000035,-0.08389624999999964,0.2471666666666594
0.05,0.5,1.0,text_prior,0.018233333333333334,0.018233333333333334,0.07789999999999975,0.0414133333333333,0.023179999999999968,0.05966666666666641
0.05,0.5,2.0,text_prior,0.03506666666666667,0.03506666666666667,0.10273333333333326,0.05035249999999992,0.015285833333333249,0.0676666666666666
0.05,0.5,5.0,risk_aware_eatl,0.06463666666666662,0.08556666666666667,0.14833333333333348,0.06463666666666662,-0.020930000000000046,0.06276666666666682
0.05,0.5,10.0,risk_aware_eatl,0.10884083333333333,0.16973333333333332,0.27983333333333493,0.10884083333333333,-0.06089249999999999,0.11010000000000161
0.05,0.5,20.0,risk_aware_eatl,0.18404083333333351,0.3380666666666667,0.48680000000000445,0.18404083333333351,-0.15402583333333317,0.14873333333333777
0.05,0.75,1.0,text_prior,0.012866666666666665,0.012866666666666665,0.1012333333333339,0.056437916666667164,0.0435712500000005,0.08836666666666723
0.05,0.75,2.0,text_prior,0.024533333333333334,0.024533333333333334,0.12133333333333379,0.06614500000000054,0.0416116666666672,0.09680000000000046
0.05,0.75,5.0,text_prior,0.059533333333333334,0.059533333333333334,0.19083333333333324,0.09100416666666719,0.03147083333333386,0.13129999999999992
0.05,0.75,10.0,conservative_prior,0.10295000000000017,0.11786666666666666,0.2998666666666649,0.11425041666666699,-0.0036162499999996683,0.18199999999999822
0.05,0.75,20.0,conservative_prior,0.18295000000000042,0.23453333333333332,0.41996666666666405,0.22352791666666605,-0.011005416666667267,0.18543333333333073
0.05,1.0,1.0,text_prior,0.014033333333333333,0.014033333333333333,0.13166666666666593,0.0682033333333334,0.05417000000000006,0.1176333333333326
0.05,1.0,2.0,text_prior,0.026866666666666667,0.026866666666666667,0.15123333333333278,0.07833833333333329,0.051471666666666624,0.12436666666666611
0.05,1.0,5.0,text_prior,0.06536666666666667,0.06536666666666667,0.2043666666666666,0.10172833333333316,0.03636166666666649,0.13899999999999996
0.05,1.0,10.0,conservative_prior,0.11461666666666702,0.12953333333333333,0.3164333333333343,0.12132833333333305,-0.008205000000000282,0.18690000000000095
0.05,1.0,20.0,conservative_prior,0.2062833333333337,0.2578666666666667,0.5812333333333378,0.22444000000000028,-0.03342666666666641,0.32336666666667113
0.05,1.25,1.0,text_prior,0.014866666666666667,0.014866666666666667,0.15340000000000026,0.0832874999999999,0.06842083333333324,0.1385333333333336
0.05,1.25,2.0,text_prior,0.029033333333333335,0.029033333333333335,0.18006666666666699,0.09117083333333323,0.062137499999999894,0.15103333333333366
0.05,1.25,5.0,text_prior,0.07153333333333334,0.07153333333333334,0.24680000000000035,0.11091458333333322,0.03938124999999988,0.17526666666666701
0.05,1.25,10.0,conservative_prior,0.13245000000000035,0.14236666666666664,0.3584999999999997,0.1421229166666666,-0.00024375000000004254,0.21613333333333307
0.05,1.25,20.0,risk_aware_eatl,0.19432083333333341,0.28403333333333336,0.5683666666666658,0.19432083333333341,-0.08971249999999995,0.28433333333333244
0.05,1.75,1.0,text_prior,0.018366666666666667,0.018366666666666667,0.20896666666666705,0.11043666666666618,0.09206999999999951,0.19060000000000038
0.05,1.75,2.0,text_prior,0.03503333333333334,0.03503333333333334,0.22406666666666716,0.11893374999999949,0.08390041666666614,0.18903333333333383
0.05,1.75,5.0,conservative_prior,0.08095,0.08503333333333334,0.2852666666666676,0.1391879166666662,0.054154583333332854,0.20023333333333426
0.05,1.75,10.0,conservative_prior,0.13845000000000038,0.16836666666666666,0.40323333333333466,0.18449249999999973,0.01612583333333306,0.234866666666668
0.05,1.75,20.0,conservative_prior,0.2534500000000004,0.33503333333333335,0.6263333333333322,0.2543358333333334,-0.08069749999999992,0.29129999999999884
0.05,2.5,1.0,text_prior,0.016,0.016,0.28320000000000056,0.15204583333333316,0.13604583333333314,0.26720000000000055
0.05,2.5,2.0,text_prior,0.030500000000000003,0.030500000000000003,0.30736666666666723,0.15848333333333314,0.12798333333333314,0.2768666666666672
0.05,2.5,5.0,text_prior,0.074,0.074,0.3652666666666674,0.19128749999999978,0.11728749999999978,0.2912666666666674
0.05,2.5,10.0,conservative_prior,0.12991666666666704,0.1465,0.4840333333333341,0.23242499999999983,0.08592499999999983,0.33753333333333413
0.05,2.5,20.0,conservative_prior,0.23658333333333367,0.29150000000000004,0.7185666666666661,0.35310416666666683,0.06160416666666679,0.4270666666666661
0.05,3.0,1.0,text_prior,0.009899999999999999,0.009899999999999999,0.3355000000000028,0.17702666666666741,0.16712666666666742,0.3256000000000028
0.05,3.0,2.0,text_prior,0.0189,0.0189,0.3564666666666694,0.18867666666666771,0.1697766666666677,0.33756666666666935
0.05,3.0,5.0,text_prior,0.045899999999999996,0.045899999999999996,0.40843333333333587,0.21089000000000147,0.16499000000000147,0.36253333333333587
0.05,3.0,10.0,text_prior,0.0909,0.0909,0.5273000000000019,0.24179500000000184,0.15089500000000183,0.4364000000000019
0.05,3.0,20.0,conservative_prior,0.16265000000000038,0.1809,0.7710999999999999,0.34934166666666855,0.16844166666666854,0.5901999999999998
0.1,0.0,1.0,risk_aware_eatl,0.012133333333333333,0.025766666666666667,0.02566666666666667,0.012133333333333333,-0.013633333333333334,-9.999999999999593e-05
0.1,0.0,2.0,risk_aware_eatl,0.0198,0.049933333333333337,0.05423333333333334,0.0198,-0.030133333333333335,0.004300000000000005
0.1,0.0,5.0,risk_aware_eatl,0.04363333333333334,0.12243333333333332,0.12226666666666663,0.04363333333333334,-0.07879999999999998,-0.00016666666666668994
0.1,0.0,10.0,risk_aware_eatl,0.09493333333333333,0.2432666666666667,0.2336333333333333,0.09493333333333333,-0.14833333333333337,-0.009633333333333383
0.1,0.0,20.0,risk_aware_eatl,0.17166666666666666,0.4849333333333334,0.5201333333333334,0.17166666666666666,-0.3132666666666667,0.035200000000000065
0.1,0.1,1.0,risk_aware_eatl,0.019952333333333353,0.0208,0.03843333333333356,0.019952333333333353,-0.0008476666666666459,0.017633333333333563
0.1,0.1,2.0,risk_aware_eatl,0.03082983333333346,0.0403,0.05746666666666678,0.03082983333333346,-0.009470166666666543,0.017166666666666774
0.1,0.1,5.0,risk_aware_eatl,0.04137733333333343,0.0988,0.1331666666666672,0.04137733333333343,-0.057422666666666566,0.03436666666666721
0.1,0.1,10.0,risk_aware_eatl,0.07639866666666677,0.1963,0.2540666666666659,0.07639866666666677,-0.11990133333333323,0.05776666666666588
0.1,0.1,20.0,risk_aware_eatl,0.16888133333333336,0.39130000000000004,0.3725666666666656,0.16888133333333336,-0.22241866666666668,-0.018733333333334434
0.1,0.25,1.0,text_prior,0.015633333333333332,0.015633333333333332,0.056333333333333346,0.02889499999999995,0.013261666666666616,0.040700000000000014
0.1,0.25,2.0,text_prior,0.02996666666666667,0.02996666666666667,0.07446666666666682,0.038767083333333306,0.008800416666666637,0.04450000000000015
0.1,0.25,5.0,risk_aware_eatl,0.049749999999999996,0.07296666666666667,0.12903333333333408,0.049749999999999996,-0.02321666666666667,0.05606666666666742
0.1,0.25,10.0,risk_aware_eatl,0.10370000000000006,0.14463333333333334,0.2589666666666681,0.10370000000000006,-0.04093333333333328,0.11433333333333479
0.1,0.25,20.0,risk_aware_eatl,0.17855750000000087,0.28796666666666665,0.36776666666666263,0.17855750000000087,-0.10940916666666578,0.07979999999999599
0.1,0.5,1.0,text_prior,0.025666666666666667,0.025666666666666667,0.07936666666666639,0.042159166666666636,0.01649249999999997,0.05369999999999972
0.1,0.5,2.0,text_prior,0.049833333333333334,0.049833333333333334,0.09653333333333325,0.050795833333333235,0.0009624999999999009,0.046699999999999915
0.1,0.5,5.0,risk_aware_eatl,0.06624083333333322,0.12233333333333332,0.16450000000000042,0.06624083333333322,-0.0560925000000001,0.0421666666666671
0.1,0.5,10.0,risk_aware_eatl,0.1220866666666668,0.24316666666666664,0.2808000000000023,0.1220866666666668,-0.12107999999999984,0.03763333333333568
0.1,0.5,20.0,risk_aware_eatl,0.15196750000000014,0.4848333333333334,0.44903333333333795,0.15196750000000014,-0.33286583333333325,-0.03579999999999545
0.1,0.75,1.0,text_prior,0.022500000000000003,0.022500000000000003,0.10173333333333391,0.05441791666666708,0.03191791666666707,0.0792333333333339
0.1,0.75,2.0,text_prior,0.044000000000000004,0.044000000000000004,0.12800000000000045,0.058664166666667156,0.014664166666667151,0.08400000000000044
0.1,0.75,5.0,risk_aware_eatl,0.09167750000000045,0.10849999999999999,0.19666666666666643,0.09167750000000045,-0.016822499999999532,0.08816666666666645
0.1,0.75,10.0,risk_aware_eatl,0.12401833333333358,0.216,0.2656333333333324,0.12401833333333358,-0.09198166666666642,0.04963333333333239
0.1,0.75,20.0,risk_aware_eatl,0.24737374999999945,0.43100000000000005,0.49796666666666445,0.24737374999999945,-0.1836262500000006,0.0669666666666644
0.1,1.0,1.0,text_prior,0.018,0.018,0.1314666666666659,0.06703833333333341,0.049038333333333406,0.1134666666666659
0.1,1.0,2.0,text_prior,0.035,0.035,0.1507333333333328,0.07883999999999997,0.04383999999999996,0.1157333333333328
0.1,1.0,5.0,conservative_prior,0.07941666666666673,0.08600000000000001,0.21333333333333324,0.10040999999999978,0.01440999999999977,0.12733333333333324
0.1,1.0,10.0,conservative_prior,0.13608333333333358,0.171,0.3149666666666674,0.1551149999999999,-0.01588500000000012,0.14396666666666738
0.1,1.0,20.0,risk_aware_eatl,0.22991333333333347,0.34099999999999997,0.574466666666671,0.22991333333333347,-0.1110866666666665,0.23346666666667104
0.1,1.25,1.0,text_prior,0.027333333333333334,0.027333333333333334,0.15396666666666695,0.08048333333333324,0.053149999999999906,0.1266333333333336
0.1,1.25,2.0,text_prior,0.05316666666666667,0.05316666666666667,0.17283333333333362,0.08750833333333323,0.03434166666666656,0.11966666666666695
0.1,1.25,5.0,conservative_prior,0.10991666666666693,0.13066666666666665,0.2592333333333336,0.11272291666666656,-0.01794375000000009,0.12856666666666694
0.1,1.25,10.0,risk_aware_eatl,0.1258729166666666,0.25983333333333336,0.35053333333333303,0.1258729166666666,-0.13396041666666675,0.09069999999999967
0.1,1.25,20.0,risk_aware_eatl,0.23611875000000013,0.5181666666666667,0.5983333333333323,0.23611875000000013,-0.2820479166666665,0.08016666666666561
0.1,1.75,1.0,text_prior,0.0228,0.0228,0.20663333333333367,0.1083716666666662,0.0855716666666662,0.18383333333333368
0.1,1.75,2.0,text_prior,0.0448,0.0448,0.2266000000000005,0.11750416666666617,0.07270416666666618,0.1818000000000005
0.1,1.75,5.0,conservative_prior,0.10088333333333352,0.1108,0.2792000000000009,0.1447741666666663,0.03397416666666629,0.16840000000000088
0.1,1.75,10.0,risk_aware_eatl,0.17577624999999986,0.2208,0.395466666666668,0.17577624999999986,-0.04502375000000014,0.17466666666666802
0.1,1.75,20.0,risk_aware_eatl,0.25577125000000017,0.4408,0.6209666666666654,0.25577125000000017,-0.18502874999999985,0.18016666666666542
0.1,2.5,1.0,text_prior,0.01923333333333333,0.01923333333333333,0.2849666666666672,0.15208333333333315,0.13284999999999983,0.2657333333333339
0.1,2.5,2.0,text_prior,0.037566666666666665,0.037566666666666665,0.30803333333333394,0.16084166666666647,0.1232749999999998,0.2704666666666673
0.1,2.5,5.0,conservative_prior,0.0859833333333334,0.09256666666666666,0.3558666666666674,0.18427499999999977,0.09170833333333311,0.26330000000000076
0.1,2.5,10.0,conservative_prior,0.149316666666667,0.18423333333333333,0.49186666666666745,0.2248999999999998,0.04066666666666646,0.3076333333333341
0.1,2.5,20.0,conservative_prior,0.27598333333333325,0.36756666666666665,0.750599999999999,0.30032916666666665,-0.0672375,0.3830333333333324
0.1,3.0,1.0,text_prior,0.020466666666666668,0.020466666666666668,0.33300000000000285,0.17557666666666738,0.15511000000000072,0.31253333333333616
0.1,3.0,2.0,text_prior,0.03913333333333333,0.03913333333333333,0.35800000000000265,0.18499833333333432,0.145865000000001,0.3188666666666693
0.1,3.0,5.0,conservative_prior,0.09021666666666675,0.09513333333333333,0.4186333333333358,0.2092633333333347,0.11413000000000136,0.32350000000000245
0.1,3.0,10.0,conservative_prior,0.15688333333333368,0.18846666666666667,0.5247333333333349,0.25271500000000185,0.06424833333333518,0.33626666666666827
0.1,3.0,20.0,conservative_prior,0.29021666666666657,0.3751333333333333,0.7649333333333331,0.3576516666666685,-0.01748166666666484,0.3897999999999998
0.2,0.0,1.0,risk_aware_eatl,0.012133333333333331,0.0381,0.029033333333333338,0.012133333333333331,-0.025966666666666673,-0.009066666666666664
0.2,0.0,2.0,risk_aware_eatl,0.025233333333333337,0.0751,0.050266666666666675,0.025233333333333337,-0.04986666666666666,-0.024833333333333325
0.2,0.0,5.0,risk_aware_eatl,0.056366666666666676,0.1861,0.13486666666666663,0.056366666666666676,-0.1297333333333333,-0.05123333333333335
0.2,0.0,10.0,risk_aware_eatl,0.09853333333333332,0.3711,0.21969999999999995,0.09853333333333332,-0.2725666666666667,-0.15140000000000003
0.2,0.0,20.0,risk_aware_eatl,0.16589999999999996,0.7411000000000001,0.43086666666666673,0.16589999999999996,-0.5752000000000002,-0.31023333333333336
0.2,0.1,1.0,risk_aware_eatl,0.01759583333333331,0.04323333333333333,0.03813333333333356,0.01759583333333331,-0.02563750000000002,-0.005099999999999771
0.2,0.1,2.0,risk_aware_eatl,0.02774283333333341,0.08556666666666667,0.06113333333333338,0.02774283333333341,-0.057823833333333255,-0.024433333333333286
0.2,0.1,5.0,risk_aware_eatl,0.04899616666666671,0.21256666666666665,0.13463333333333388,0.04899616666666671,-0.16357049999999995,-0.07793333333333277
0.2,0.1,10.0,risk_aware_eatl,0.07471000000000011,0.4242333333333333,0.21473333333333278,0.07471000000000011,-0.3495233333333332,-0.20950000000000052
0.2,0.1,20.0,risk_aware_eatl,0.17382783333333326,0.8475666666666667,0.46753333333333197,0.17382783333333326,-0.6737388333333334,-0.3800333333333347
0.2,0.25,1.0,risk_aware_eatl,0.026018749999999948,0.04083333333333333,0.05343333333333332,0.026018749999999948,-0.014814583333333384,0.012599999999999986
0.2,0.25,2.0,risk_aware_eatl,0.03866916666666666,0.08016666666666666,0.07670000000000017,0.03866916666666666,-0.04149750000000001,-0.003466666666666493
0.2,0.25,5.0,risk_aware_eatl,0.05410541666666667,0.19816666666666666,0.13303333333333403,0.05410541666666667,-0.14406124999999997,-0.06513333333333263
0.2,0.25,10.0,risk_aware_eatl,0.1068812500000002,0.39483333333333337,0.28293333333333337,0.1068812500000002,-0.28795208333333316,-0.1119
0.2,0.25,20.0,risk_aware_eatl,0.18792375000000078,0.7881666666666667,0.43049999999999555,0.18792375000000078,-0.6002429166666658,-0.35766666666667113
0.2,0.5,1.0,text_prior,0.03576666666666667,0.03576666666666667,0.0759333333333331,0.04048833333333329,0.004721666666666624,0.040166666666666434
0.2,0.5,2.0,risk_aware_eatl,0.04943249999999994,0.07043333333333333,0.09786666666666657,0.04943249999999994,-0.021000833333333392,0.02743333333333324
0.2,0.5,5.0,risk_aware_eatl,0.07439416666666661,0.17443333333333333,0.15390000000000037,0.07439416666666661,-0.10003916666666672,-0.02053333333333296
0.2,0.5,10.0,risk_aware_eatl,0.13109416666666673,0.34776666666666667,0.24943333333333462,0.13109416666666673,-0.21667249999999993,-0.09833333333333205
0.2,0.5,20.0,risk_aware_eatl,0.20251000000000033,0.6944333333333333,0.510433333333337,0.20251000000000033,-0.49192333333333305,-0.1839999999999964
0.2,0.75,1.0,text_prior,0.0387,0.0387,0.10203333333333396,0.057001250000000475,0.018301250000000477,0.06333333333333396
0.2,0.75,2.0,risk_aware_eatl,0.06329458333333379,0.0762,0.12216666666666713,0.06329458333333379,-0.012905416666666211,0.04596666666666713
0.2,0.75,5.0,risk_aware_eatl,0.09692375000000039,0.18869999999999998,0.1886999999999999,0.09692375000000039,-0.09177624999999959,-8.326672684688674e-17
0.2,0.75,10.0,risk_aware_eatl,0.1282341666666669,0.37620000000000003,0.2778666666666654,0.1282341666666669,-0.24796583333333314,-0.09833333333333466
0.2,0.75,20.0,risk_aware_eatl,0.16237166666666653,0.7512,0.4821999999999969,0.16237166666666653,-0.5888283333333335,-0.26900000000000307
0.2,1.0,1.0,text_prior,0.04766666666666667,0.04766666666666667,0.13069999999999923,0.06815500000000005,0.02048833333333338,0.08303333333333257
0.2,1.0,2.0,risk_aware_eatl,0.07341333333333336,0.09433333333333332,0.15066666666666612,0.07341333333333336,-0.020919999999999966,0.05633333333333279
0.2,1.0,5.0,risk_aware_eatl,0.09985666666666647,0.23433333333333334,0.20396666666666655,0.09985666666666647,-0.13447666666666686,-0.03036666666666679
0.2,1.0,10.0,risk_aware_eatl,0.16093999999999994,0.4676666666666667,0.3099333333333341,0.16093999999999994,-0.3067266666666667,-0.15773333333333256
0.2,1.0,20.0,risk_aware_eatl,0.24929833333333357,0.9343333333333333,0.5532666666666701,0.24929833333333357,-0.6850349999999998,-0.3810666666666632
0.2,1.25,1.0,text_prior,0.04053333333333334,0.04053333333333334,0.1516333333333336,0.08101249999999993,0.040479166666666594,0.11110000000000025
0.2,1.25,2.0,conservative_prior,0.06994999999999997,0.07986666666666667,0.1732000000000003,0.08745416666666657,0.0075874999999999,0.09333333333333363
0.2,1.25,5.0,risk_aware_eatl,0.12205833333333324,0.19786666666666666,0.23043333333333368,0.12205833333333324,-0.07580833333333342,0.03256666666666702
0.2,1.25,10.0,risk_aware_eatl,0.16635625,0.39453333333333335,0.3686999999999996,0.16635625,-0.22817708333333334,-0.025833333333333763
0.2,1.25,20.0,risk_aware_eatl,0.21602916666666677,0.7878666666666667,0.5290666666666658,0.21602916666666677,-0.5718375,-0.2588000000000009
0.2,1.75,1.0,text_prior,0.048966666666666665,0.048966666666666665,0.20210000000000033,0.10926458333333286,0.060297916666666194,0.15313333333333368
0.2,1.75,2.0,conservative_prior,0.08438333333333338,0.09663333333333332,0.2279000000000005,0.1196495833333328,0.023016249999999475,0.13126666666666717
0.2,1.75,5.0,risk_aware_eatl,0.14703291666666626,0.2396333333333333,0.288800000000001,0.14703291666666626,-0.09260041666666705,0.04916666666666769
0.2,1.75,10.0,risk_aware_eatl,0.19591374999999997,0.47796666666666665,0.3987000000000014,0.19591374999999997,-0.28205291666666665,-0.07926666666666526
0.2,1.75,20.0,risk_aware_eatl,0.2649462500000004,0.9546333333333333,0.6641999999999979,0.2649462500000004,-0.689687083333333,-0.29043333333333543
0.2,2.5,1.0,text_prior,0.042800000000000005,0.042800000000000005,0.2799333333333338,0.15205833333333316,0.10925833333333315,0.2371333333333338
0.2,2.5,2.0,conservative_prior,0.07554999999999995,0.0848,0.30153333333333393,0.1603833333333331,0.0755833333333331,0.21673333333333394
0.2,2.5,5.0,conservative_prior,0.15505000000000038,0.2108,0.3880000000000008,0.1975249999999998,-0.013275000000000176,0.1772000000000008
0.2,2.5,10.0,risk_aware_eatl,0.2153374999999998,0.42080000000000006,0.46656666666666746,0.2153374999999998,-0.20546250000000027,0.0457666666666674
0.2,2.5,20.0,risk_aware_eatl,0.30750416666666663,0.8408,0.7001999999999995,0.30750416666666663,-0.5332958333333333,-0.1406000000000005
0.2,3.0,1.0,text_prior,0.03606666666666667,0.03606666666666667,0.3334333333333362,0.17759666666666749,0.14153000000000082,0.2973666666666695
0.2,3.0,2.0,text_prior,0.07023333333333333,0.07023333333333333,0.35873333333333607,0.188590000000001,0.11835666666666768,0.28850000000000275
0.2,3.0,5.0,conservative_prior,0.14115000000000033,0.17273333333333332,0.4147000000000026,0.21578833333333505,0.04305500000000173,0.2419666666666693
0.2,3.0,10.0,conservative_prior,0.25865000000000005,0.3435666666666667,0.5112000000000017,0.2700916666666685,-0.07347499999999818,0.16763333333333497
0.2,3.0,20.0,risk_aware_eatl,0.3359033333333353,0.6852333333333334,0.7512999999999994,0.3359033333333353,-0.3493299999999981,0.06606666666666605
0.35,0.0,1.0,risk_aware_eatl,0.013833333333333331,0.06796666666666666,0.028133333333333337,0.013833333333333331,-0.05413333333333333,-0.039833333333333325
0.35,0.0,2.0,risk_aware_eatl,0.023266666666666665,0.13513333333333333,0.04353333333333334,0.023266666666666665,-0.11186666666666667,-0.09159999999999999
0.35,0.0,5.0,risk_aware_eatl,0.048233333333333336,0.33663333333333334,0.12636666666666665,0.048233333333333336,-0.2884,-0.21026666666666669
0.35,0.0,10.0,risk_aware_eatl,0.09273333333333333,0.6724666666666668,0.25116666666666665,0.09273333333333333,-0.5797333333333334,-0.4213000000000001
0.35,0.0,20.0,risk_aware_eatl,0.22953333333333334,1.3441333333333334,0.48390000000000005,0.22953333333333334,-1.1146,-0.8602333333333334
0.35,0.1,1.0,risk_aware_eatl,0.02134100000000003,0.0757,0.04073333333333348,0.02134100000000003,-0.05435899999999998,-0.03496666666666652
0.35,0.1,2.0,risk_aware_eatl,0.02275616666666673,0.1497,0.056600000000000074,0.02275616666666673,-0.12694383333333326,-0.09309999999999993
0.35,0.1,5.0,risk_aware_eatl,0.0571163333333334,0.37170000000000003,0.13480000000000053,0.0571163333333334,-0.31458366666666665,-0.2368999999999995
0.35,0.1,10.0,risk_aware_eatl,0.10738866666666677,0.7417,0.24136666666666626,0.10738866666666677,-0.6343113333333332,-0.5003333333333337
0.35,0.1,20.0,risk_aware_eatl,0.16795716666666669,1.4817,0.4984333333333309,0.16795716666666669,-1.3137428333333334,-0.9832666666666692
0.35,0.25,1.0,risk_aware_eatl,0.0303204166666666,0.07496666666666665,0.05463333333333334,0.0303204166666666,-0.044646250000000054,-0.020333333333333314
0.35,0.25,2.0,risk_aware_eatl,0.038769583333333316,0.1486333333333333,0.07830000000000018,0.038769583333333316,-0.10986375,-0.07033333333333314
0.35,0.25,5.0,risk_aware_eatl,0.06707791666666674,0.36963333333333337,0.1241666666666674,0.06707791666666674,-0.30255541666666663,-0.24546666666666597
0.35,0.25,10.0,risk_aware_eatl,0.11298208333333355,0.7379666666666667,0.24273333333333463,0.11298208333333355,-0.6249845833333331,-0.495233333333332
0.35,0.25,20.0,risk_aware_eatl,0.24529541666666807,1.4746333333333332,0.5021333333333299,0.24529541666666807,-1.2293379166666651,-0.9725000000000034
0.35,0.5,1.0,risk_aware_eatl,0.04095749999999997,0.07166666666666667,0.08089999999999983,0.04095749999999997,-0.030709166666666697,0.009233333333333163
0.35,0.5,2.0,risk_aware_eatl,0.04369333333333328,0.14183333333333334,0.10443333333333327,0.04369333333333328,-0.09814000000000006,-0.03740000000000007
0.35,0.5,5.0,risk_aware_eatl,0.07396583333333333,0.35233333333333333,0.1649333333333338,0.07396583333333333,-0.2783675,-0.18739999999999954
0.35,0.5,10.0,risk_aware_eatl,0.11346666666666677,0.7031666666666667,0.30313333333333603,0.11346666666666677,-0.5896999999999999,-0.4000333333333307
0.35,0.5,20.0,risk_aware_eatl,0.22786333333333392,1.4048333333333334,0.5320666666666688,0.22786333333333392,-1.1769699999999994,-0.8727666666666646
0.35,0.75,1.0,risk_aware_eatl,0.052828333333333734,0.06633333333333334,0.10206666666666722,0.052828333333333734,-0.013504999999999608,0.03573333333333388
0.35,0.75,2.0,risk_aware_eatl,0.06305916666666724,0.13116666666666665,0.1223333333333338,0.06305916666666724,-0.06810749999999942,-0.00883333333333286
0.35,0.75,5.0,risk_aware_eatl,0.09046708333333373,0.32566666666666666,0.19476666666666656,0.09046708333333373,-0.23519958333333293,-0.1309000000000001
0.35,0.75,10.0,risk_aware_eatl,0.1222891666666668,0.6498333333333334,0.33659999999999807,0.1222891666666668,-0.5275441666666666,-0.3132333333333353
0.35,0.75,20.0,risk_aware_eatl,0.2533741666666659,1.2981666666666667,0.49289999999999723,0.2533741666666659,-1.0447925000000007,-0.8052666666666695
0.35,1.0,1.0,conservative_prior,0.0656499999999999,0.0694,0.12779999999999922,0.07116666666666671,0.001766666666666708,0.058399999999999216
0.35,1.0,2.0,risk_aware_eatl,0.07875499999999991,0.1379,0.14689999999999948,0.07875499999999991,-0.059145000000000086,0.00899999999999948
0.35,1.0,5.0,risk_aware_eatl,0.10222833333333312,0.34340000000000004,0.21046666666666658,0.10222833333333312,-0.24117166666666692,-0.13293333333333346
0.35,1.0,10.0,risk_aware_eatl,0.13767666666666653,0.6859,0.351600000000001,0.13767666666666653,-0.5482233333333334,-0.33429999999999893
0.35,1.0,20.0,risk_aware_eatl,0.25362833333333357,1.3709,0.5945666666666709,0.25362833333333357,-1.1172716666666664,-0.7763333333333291
0.35,1.25,1.0,conservative_prior,0.0704833333333333,0.07723333333333333,0.15463333333333362,0.08139166666666658,0.00415833333333325,0.07740000000000029
0.35,1.25,2.0,risk_aware_eatl,0.09222708333333324,0.15306666666666666,0.17693333333333364,0.09222708333333324,-0.06083958333333342,0.02386666666666698
0.35,1.25,5.0,risk_aware_eatl,0.13269374999999994,0.38056666666666666,0.23730000000000034,0.13269374999999994,-0.24787291666666672,-0.14326666666666632
0.35,1.25,10.0,risk_aware_eatl,0.17353541666666675,0.7597333333333334,0.33609999999999984,0.17353541666666675,-0.5861979166666667,-0.42363333333333353
0.35,1.25,20.0,risk_aware_eatl,0.29884166666666695,1.5180666666666667,0.6411999999999989,0.29884166666666695,-1.2192249999999998,-0.8768666666666678
0.35,1.75,1.0,conservative_prior,0.06108333333333321,0.06216666666666667,0.2054333333333337,0.10540416666666622,0.04323749999999955,0.14326666666666701
0.35,1.75,2.0,conservative_prior,0.09891666666666679,0.12283333333333332,0.2276000000000005,0.12147833333333281,-0.0013550000000005086,0.10476666666666717
0.35,1.75,5.0,risk_aware_eatl,0.1436062499999996,0.30483333333333335,0.30213333333333436,0.1436062499999996,-0.16122708333333374,-0.002699999999998981
0.35,1.75,10.0,risk_aware_eatl,0.1780341666666665,0.6081666666666667,0.4027000000000014,0.1780341666666665,-0.43013250000000025,-0.20546666666666535
0.35,1.75,20.0,risk_aware_eatl,0.2696704166666668,1.2148333333333334,0.6995666666666646,0.2696704166666668,-0.9451629166666666,-0.5152666666666689
0.35,2.5,1.0,conservative_prior,0.06444999999999991,0.06620000000000001,0.28366666666666723,0.14712916666666653,0.08092916666666652,0.21746666666666722
0.35,2.5,2.0,conservative_prior,0.10595000000000016,0.13119999999999998,0.30280000000000057,0.15733333333333316,0.026133333333333175,0.17160000000000059
0.35,2.5,5.0,risk_aware_eatl,0.18678333333333313,0.32620000000000005,0.37283333333333407,0.18678333333333313,-0.1394166666666669,0.046633333333334026
0.35,2.5,10.0,risk_aware_eatl,0.20421666666666646,0.6512,0.4817666666666675,0.20421666666666646,-0.4469833333333335,-0.1694333333333325
0.35,2.5,20.0,risk_aware_eatl,0.32265833333333344,1.3012,0.7774666666666659,0.32265833333333344,-0.9785416666666664,-0.523733333333334
0.35,3.0,1.0,conservative_prior,0.0684166666666666,0.07233333333333333,0.3321666666666695,0.17398333333333404,0.10165000000000071,0.25983333333333614
0.35,3.0,2.0,conservative_prior,0.11408333333333355,0.14366666666666666,0.35670000000000274,0.18686500000000109,0.04319833333333442,0.21303333333333607
0.35,3.0,5.0,risk_aware_eatl,0.2062133333333349,0.3576666666666667,0.4254333333333356,0.2062133333333349,-0.1514533333333318,0.06776666666666892
0.35,3.0,10.0,risk_aware_eatl,0.2633016666666682,0.7143333333333334,0.5629333333333347,0.2633016666666682,-0.45103166666666517,-0.15139999999999865
0.35,3.0,20.0,risk_aware_eatl,0.33577166666666847,1.4276666666666666,0.7708000000000002,0.33577166666666847,-1.0918949999999983,-0.6568666666666665
0.5,0.0,1.0,risk_aware_eatl,0.013833333333333333,0.1032,0.027533333333333337,0.013833333333333333,-0.08936666666666666,-0.07566666666666666
0.5,0.0,2.0,risk_aware_eatl,0.02306666666666667,0.2052,0.04820000000000001,0.02306666666666667,-0.1821333333333333,-0.15699999999999997
0.5,0.0,5.0,risk_aware_eatl,0.04976666666666667,0.5112,0.12906666666666666,0.04976666666666667,-0.4614333333333333,-0.3821333333333333
0.5,0.0,10.0,risk_aware_eatl,0.10046666666666665,1.0212,0.23329999999999998,0.10046666666666665,-0.9207333333333334,-0.7879000000000002
0.5,0.0,20.0,risk_aware_eatl,0.23873333333333333,2.0412,0.5139,0.23873333333333333,-1.8024666666666667,-1.5272999999999999
0.5,0.1,1.0,risk_aware_eatl,0.02059133333333336,0.08776666666666667,0.04113333333333354,0.02059133333333336,-0.06717533333333331,-0.04663333333333313
0.5,0.1,2.0,risk_aware_eatl,0.027138666666666738,0.17493333333333333,0.058400000000000084,0.027138666666666738,-0.1477946666666666,-0.11653333333333324
0.5,0.1,5.0,risk_aware_eatl,0.0683020000000001,0.43643333333333334,0.12740000000000057,0.0683020000000001,-0.36813133333333325,-0.30903333333333277
0.5,0.1,10.0,risk_aware_eatl,0.09336050000000011,0.8722666666666667,0.2467666666666658,0.09336050000000011,-0.7789061666666667,-0.6255000000000009
0.5,0.1,20.0,risk_aware_eatl,0.16686583333333327,1.7439333333333333,0.5688333333333302,0.16686583333333327,-1.5770675,-1.1751000000000031
0.5,0.25,1.0,risk_aware_eatl,0.025056666666666616,0.09093333333333332,0.05513333333333331,0.025056666666666616,-0.06587666666666671,-0.03580000000000001
0.5,0.25,2.0,risk_aware_eatl,0.037014583333333316,0.18026666666666666,0.07796666666666685,0.037014583333333316,-0.14325208333333334,-0.10229999999999981
0.5,0.25,5.0,risk_aware_eatl,0.05879000000000007,0.4482666666666667,0.14186666666666764,0.05879000000000007,-0.38947666666666664,-0.30639999999999906
0.5,0.25,10.0,risk_aware_eatl,0.1157016666666669,0.8949333333333334,0.26000000000000184,0.1157016666666669,-0.7792316666666664,-0.6349333333333316
0.5,0.25,20.0,risk_aware_eatl,0.20788583333333394,1.7882666666666667,0.5373666666666588,0.20788583333333394,-1.5803808333333327,-1.250900000000008
0.5,0.5,1.0,risk_aware_eatl,0.04051166666666663,0.1026,0.07773333333333309,0.04051166666666663,-0.06208833333333336,-0.02486666666666691
0.5,0.5,2.0,risk_aware_eatl,0.0524649999999999,0.2041,0.10309999999999991,0.0524649999999999,-0.1516350000000001,-0.10100000000000009
0.5,0.5,5.0,risk_aware_eatl,0.07489249999999995,0.5085999999999999,0.16810000000000042,0.07489249999999995,-0.4337075,-0.3404999999999995
0.5,0.5,10.0,risk_aware_eatl,0.14774500000000013,1.0161,0.2649000000000015,0.14774500000000013,-0.8683549999999999,-0.7511999999999985
0.5,0.5,20.0,risk_aware_eatl,0.25429166666666764,2.0311,0.5224666666666695,0.25429166666666764,-1.7768083333333322,-1.5086333333333304
0.5,0.75,1.0,risk_aware_eatl,0.054355000000000424,0.0956,0.10573333333333389,0.054355000000000424,-0.04124499999999958,0.010133333333333883
0.5,0.75,2.0,risk_aware_eatl,0.06493916666666721,0.1896,0.12610000000000046,0.06493916666666721,-0.12466083333333278,-0.06349999999999953
0.5,0.75,5.0,risk_aware_eatl,0.08474250000000048,0.4716,0.19659999999999986,0.08474250000000048,-0.3868574999999995,-0.27500000000000013
0.5,0.75,10.0,risk_aware_eatl,0.1385145833333334,0.9416000000000001,0.3288333333333315,0.1385145833333334,-0.8030854166666667,-0.6127666666666687
0.5,0.75,20.0,risk_aware_eatl,0.23869958333333285,1.8816,0.5578666666666648,0.23869958333333285,-1.642900416666667,-1.323733333333335
0.5,1.0,1.0,risk_aware_eatl,0.06647000000000008,0.10476666666666666,0.13123333333333256,0.06647000000000008,-0.038296666666666576,0.026466666666665903
0.5,1.0,2.0,risk_aware_eatl,0.0769833333333333,0.20843333333333333,0.15613333333333282,0.0769833333333333,-0.13145,-0.05230000000000051
0.5,1.0,5.0,risk_aware_eatl,0.11430666666666642,0.5194333333333333,0.22566666666666663,0.11430666666666642,-0.40512666666666686,-0.2937666666666667
0.5,1.0,10.0,risk_aware_eatl,0.14762499999999987,1.0377666666666667,0.34630000000000105,0.14762499999999987,-0.8901416666666668,-0.6914666666666657
0.5,1.0,20.0,risk_aware_eatl,0.22401500000000013,2.0744333333333334,0.5730666666666704,0.22401500000000013,-1.8504183333333333,-1.501366666666663
0.5,1.25,1.0,conservative_prior,0.07945000000000003,0.08936666666666666,0.1571000000000003,0.08408958333333325,-0.005277083333333418,0.06773333333333363
0.5,1.25,2.0,risk_aware_eatl,0.08840416666666656,0.17703333333333332,0.17833333333333365,0.08840416666666656,-0.08862916666666676,0.0013000000000003287
0.5,1.25,5.0,risk_aware_eatl,0.12081041666666659,0.4400333333333334,0.24160000000000031,0.12081041666666659,-0.3192229166666668,-0.19843333333333307
0.5,1.25,10.0,risk_aware_eatl,0.15840833333333332,0.8783666666666667,0.3390666666666664,0.15840833333333332,-0.7199583333333335,-0.5393000000000003
0.5,1.25,20.0,risk_aware_eatl,0.25223333333333353,1.755033333333333,0.6257333333333324,0.25223333333333353,-1.5027999999999995,-1.1293000000000006
0.5,1.75,1.0,conservative_prior,0.08365000000000006,0.10006666666666666,0.20630000000000034,0.10681499999999955,0.006748333333332884,0.10623333333333368
0.5,1.75,2.0,risk_aware_eatl,0.11966791666666618,0.19823333333333332,0.22826666666666723,0.11966791666666618,-0.07856541666666714,0.03003333333333391
0.5,1.75,5.0,risk_aware_eatl,0.14922916666666633,0.49273333333333336,0.2949666666666677,0.14922916666666633,-0.34350416666666705,-0.19776666666666565
0.5,1.75,10.0,risk_aware_eatl,0.19383041666666656,0.9835666666666667,0.3886000000000013,0.19383041666666656,-0.7897362500000001,-0.5949666666666654
0.5,1.75,20.0,risk_aware_eatl,0.35960500000000056,1.9652333333333332,0.6717999999999988,0.35960500000000056,-1.6056283333333325,-1.2934333333333343
0.5,2.5,1.0,conservative_prior,0.08425000000000006,0.10616666666666666,0.28353333333333386,0.14806249999999985,0.04189583333333319,0.1773666666666672
0.5,2.5,2.0,conservative_prior,0.14575000000000043,0.21133333333333335,0.30580000000000057,0.15901249999999983,-0.05232083333333351,0.09446666666666723
0.5,2.5,5.0,risk_aware_eatl,0.18071666666666647,0.5268333333333334,0.37660000000000077,0.18071666666666647,-0.3461166666666669,-0.1502333333333326
0.5,2.5,10.0,risk_aware_eatl,0.23830416666666646,1.0526666666666666,0.46566666666666745,0.23830416666666646,-0.8143625000000002,-0.5869999999999992
0.5,2.5,20.0,risk_aware_eatl,0.3627583333333337,2.1043333333333334,0.7263666666666659,0.3627583333333337,-1.7415749999999997,-1.3779666666666675
0.5,3.0,1.0,conservative_prior,0.07831666666666671,0.08856666666666667,0.3363666666666695,0.1717516666666673,0.08318500000000063,0.2478000000000028
0.5,3.0,2.0,conservative_prior,0.13348333333333368,0.17573333333333332,0.35776666666666934,0.18240166666666754,0.00666833333333422,0.18203333333333602
0.5,3.0,5.0,risk_aware_eatl,0.20000333333333467,0.43723333333333336,0.4471000000000022,0.20000333333333467,-0.2372299999999987,0.009866666666668855
0.5,3.0,10.0,risk_aware_eatl,0.2538333333333349,0.8730666666666667,0.5415666666666683,0.2538333333333349,-0.6192333333333317,-0.33149999999999835
0.5,3.0,20.0,risk_aware_eatl,0.3466750000000015,1.7447333333333332,0.7935333333333326,0.3466750000000015,-1.3980583333333318,-0.9512000000000006
0.7,0.0,1.0,risk_aware_eatl,0.014599999999999998,0.13733333333333334,0.02896666666666667,0.014599999999999998,-0.12273333333333333,-0.10836666666666667
0.7,0.0,2.0,risk_aware_eatl,0.02506666666666667,0.27416666666666667,0.04763333333333334,0.02506666666666667,-0.2491,-0.22653333333333334
0.7,0.0,5.0,risk_aware_eatl,0.06406666666666667,0.6846666666666668,0.11639999999999999,0.06406666666666667,-0.6206,-0.5682666666666668
0.7,0.0,10.0,risk_aware_eatl,0.11343333333333332,1.3688333333333333,0.25203333333333333,0.11343333333333332,-1.2554,-1.1168
0.7,0.0,20.0,risk_aware_eatl,0.20753333333333332,2.7371666666666665,0.5270333333333334,0.20753333333333332,-2.5296333333333334,-2.2101333333333333
0.7,0.1,1.0,risk_aware_eatl,0.01920633333333333,0.13643333333333332,0.04300000000000021,0.01920633333333333,-0.117227,-0.09343333333333312
0.7,0.1,2.0,risk_aware_eatl,0.031440166666666776,0.27126666666666666,0.0649666666666668,0.031440166666666776,-0.2398264999999999,-0.20629999999999987
0.7,0.1,5.0,risk_aware_eatl,0.07010916666666682,0.6757666666666667,0.15223333333333358,0.07010916666666682,-0.6056575,-0.5235333333333332
0.7,0.1,10.0,risk_aware_eatl,0.1359441666666668,1.3499333333333332,0.2939999999999991,0.1359441666666668,-1.2139891666666665,-1.055933333333334
0.7,0.1,20.0,risk_aware_eatl,0.22234016666666648,2.6982666666666666,0.4510666666666653,0.22234016666666648,-2.4759265,-2.247200000000001
0.7,0.25,1.0,risk_aware_eatl,0.027172083333333263,0.13533333333333333,0.057666666666666665,0.027172083333333263,-0.10816125000000007,-0.07766666666666666
0.7,0.25,2.0,risk_aware_eatl,0.03807374999999998,0.26966666666666667,0.08223333333333356,0.03807374999999998,-0.23159291666666668,-0.18743333333333312
0.7,0.25,5.0,risk_aware_eatl,0.07030166666666669,0.6726666666666667,0.1484666666666678,0.07030166666666669,-0.602365,-0.5241999999999989
0.7,0.25,10.0,risk_aware_eatl,0.1049754166666669,1.3443333333333334,0.2868333333333336,0.1049754166666669,-1.2393579166666664,-1.0574999999999997
0.7,0.25,20.0,risk_aware_eatl,0.23662291666666738,2.6876666666666664,0.5147666666666599,0.23662291666666738,-2.451043749999999,-2.1729000000000065
0.7,0.5,1.0,risk_aware_eatl,0.042139166666666616,0.13299999999999998,0.0771666666666664,0.042139166666666616,-0.09086083333333336,-0.05583333333333358
0.7,0.5,2.0,risk_aware_eatl,0.0571199999999999,0.2645,0.10609999999999994,0.0571199999999999,-0.20738000000000012,-0.15840000000000007
0.7,0.5,5.0,risk_aware_eatl,0.0842808333333333,0.659,0.17620000000000052,0.0842808333333333,-0.5747191666666667,-0.4827999999999995
0.7,0.5,10.0,risk_aware_eatl,0.1333583333333334,1.3165,0.29273333333333595,0.1333583333333334,-1.1831416666666665,-1.023766666666664
0.7,0.5,20.0,risk_aware_eatl,0.2634775000000011,2.6315,0.5042000000000048,0.2634775000000011,-2.368022499999999,-2.127299999999995
0.7,0.75,1.0,risk_aware_eatl,0.05314708333333372,0.13686666666666666,0.10523333333333384,0.05314708333333372,-0.08371958333333294,-0.03163333333333282
0.7,0.75,2.0,risk_aware_eatl,0.06250875000000039,0.27253333333333335,0.1350333333333337,0.06250875000000039,-0.21002458333333296,-0.13749999999999965
0.7,0.75,5.0,risk_aware_eatl,0.0936150000000003,0.6795333333333333,0.19559999999999983,0.0936150000000003,-0.585918333333333,-0.4839333333333335
0.7,0.75,10.0,risk_aware_eatl,0.15631708333333327,1.3578666666666668,0.37559999999999777,0.15631708333333327,-1.2015495833333336,-0.9822666666666691
0.7,0.75,20.0,risk_aware_eatl,0.23074916666666626,2.7145333333333332,0.4998999999999981,0.23074916666666626,-2.483784166666667,-2.2146333333333352
0.7,1.0,1.0,risk_aware_eatl,0.0686633333333334,0.1329,0.12699999999999917,0.0686633333333334,-0.0642366666666666,-0.005900000000000821
0.7,1.0,2.0,risk_aware_eatl,0.07847499999999995,0.26389999999999997,0.15556666666666616,0.07847499999999995,-0.185425,-0.10833333333333381
0.7,1.0,5.0,risk_aware_eatl,0.11226999999999979,0.6569,0.2366333333333335,0.11226999999999979,-0.5446300000000003,-0.42026666666666657
0.7,1.0,10.0,risk_aware_eatl,0.16835499999999995,1.3119,0.3667666666666675,0.16835499999999995,-1.143545,-0.9451333333333325
0.7,1.0,20.0,risk_aware_eatl,0.32054666666666687,2.6219,0.6123666666666715,0.32054666666666687,-2.301353333333333,-2.0095333333333287
0.7,1.25,1.0,risk_aware_eatl,0.08290833333333325,0.12386666666666665,0.15776666666666694,0.08290833333333325,-0.0409583333333334,0.03390000000000029
0.7,1.25,2.0,risk_aware_eatl,0.09397291666666657,0.24603333333333333,0.19006666666666697,0.09397291666666657,-0.15206041666666675,-0.05596666666666636
0.7,1.25,5.0,risk_aware_eatl,0.11523333333333326,0.6125333333333334,0.24253333333333363,0.11523333333333326,-0.49730000000000013,-0.3699999999999998
0.7,1.25,10.0,risk_aware_eatl,0.15187708333333333,1.2233666666666665,0.37113333333333287,0.15187708333333333,-1.071489583333333,-0.8522333333333336
0.7,1.25,20.0,risk_aware_eatl,0.2574729166666669,2.4450333333333334,0.5739333333333325,0.2574729166666669,-2.1875604166666665,-1.8711000000000009
0.7,1.75,1.0,conservative_prior,0.10668333333333355,0.14376666666666665,0.20583333333333365,0.10864374999999955,-0.0351229166666671,0.06206666666666699
0.7,1.75,2.0,risk_aware_eatl,0.12253708333333284,0.2859333333333333,0.23720000000000063,0.12253708333333284,-0.16339625000000046,-0.048733333333332685
0.7,1.75,5.0,risk_aware_eatl,0.15423124999999968,0.7124333333333334,0.3194666666666679,0.15423124999999968,-0.5582020833333337,-0.39296666666666547
0.7,1.75,10.0,risk_aware_eatl,0.20306875000000002,1.4232666666666667,0.4443333333333348,0.20306875000000002,-1.2201979166666668,-0.9789333333333319
0.7,1.75,20.0,risk_aware_eatl,0.2738445833333336,2.844933333333333,0.7144333333333301,0.2738445833333336,-2.5710887499999995,-2.130500000000003
0.7,2.5,1.0,conservative_prior,0.1041500000000002,0.13356666666666667,0.28430000000000055,0.1503666666666665,0.016799999999999843,0.15073333333333389
0.7,2.5,2.0,risk_aware_eatl,0.15844166666666648,0.2657333333333333,0.3042000000000006,0.15844166666666648,-0.10729166666666684,0.03846666666666726
0.7,2.5,5.0,risk_aware_eatl,0.19983333333333317,0.6622333333333333,0.371733333333334,0.19983333333333317,-0.46240000000000014,-0.2904999999999993
0.7,2.5,10.0,risk_aware_eatl,0.23813749999999986,1.3230666666666666,0.5154666666666673,0.23813749999999986,-1.0849291666666667,-0.8075999999999993
0.7,2.5,20.0,risk_aware_eatl,0.392604166666667,2.644733333333333,0.757799999999999,0.392604166666667,-2.252129166666666,-1.8869333333333338
0.7,3.0,1.0,conservative_prior,0.10588333333333357,0.13846666666666665,0.33536666666666953,0.1715666666666673,0.03310000000000066,0.19690000000000288
0.7,3.0,2.0,risk_aware_eatl,0.18653500000000092,0.27613333333333334,0.35323333333333606,0.18653500000000092,-0.08959833333333242,0.07710000000000272
0.7,3.0,5.0,risk_aware_eatl,0.22672166666666835,0.6891333333333334,0.433266666666669,0.22672166666666835,-0.462411666666665,-0.25586666666666436
0.7,3.0,10.0,risk_aware_eatl,0.2805133333333354,1.3774666666666666,0.5526333333333346,0.2805133333333354,-1.0969533333333312,-0.824833333333332
0.7,3.0,20.0,risk_aware_eatl,0.4087616666666683,2.7541333333333333,0.8295999999999991,0.4087616666666683,-2.345371666666665,-1.924533333333334
0.9,0.0,1.0,risk_aware_eatl,0.013433333333333334,0.17843333333333333,0.03426666666666667,0.013433333333333334,-0.165,-0.14416666666666667
0.9,0.0,2.0,risk_aware_eatl,0.024133333333333333,0.3557666666666667,0.053500000000000006,0.024133333333333333,-0.33163333333333334,-0.3022666666666667
0.9,0.0,5.0,risk_aware_eatl,0.06726666666666667,0.8877666666666667,0.12676666666666664,0.06726666666666667,-0.8205,-0.7610000000000001
0.9,0.0,10.0,risk_aware_eatl,0.1036,1.7744333333333333,0.2522,0.1036,-1.6708333333333334,-1.5222333333333333
0.9,0.0,20.0,risk_aware_eatl,0.24876666666666666,3.5477666666666665,0.5396666666666667,0.24876666666666666,-3.299,-3.0080999999999998
0.9,0.1,1.0,risk_aware_eatl,0.02143350000000003,0.16763333333333333,0.039000000000000215,0.02143350000000003,-0.1461998333333333,-0.1286333333333331
0.9,0.1,2.0,risk_aware_eatl,0.031324166666666764,0.3349666666666667,0.06290000000000016,0.031324166666666764,-0.3036424999999999,-0.2720666666666665
0.9,0.1,5.0,risk_aware_eatl,0.06725250000000012,0.8369666666666666,0.13766666666666713,0.06725250000000012,-0.7697141666666665,-0.6992999999999995
0.9,0.1,10.0,risk_aware_eatl,0.13968516666666664,1.6736333333333333,0.25623333333333254,0.13968516666666664,-1.5339481666666668,-1.4174000000000007
0.9,0.1,20.0,risk_aware_eatl,0.23501199999999964,3.3469666666666664,0.5562333333333302,0.23501199999999964,-3.1119546666666666,-2.7907333333333364
0.9,0.25,1.0,risk_aware_eatl,0.030747499999999938,0.16473333333333331,0.05236666666666664,0.030747499999999938,-0.1339858333333334,-0.11236666666666667
0.9,0.25,2.0,risk_aware_eatl,0.0383583333333333,0.3285666666666667,0.08326666666666688,0.0383583333333333,-0.2902083333333334,-0.2452999999999998
0.9,0.25,5.0,risk_aware_eatl,0.06977041666666671,0.8200666666666667,0.13683333333333417,0.06977041666666671,-0.75029625,-0.6832333333333326
0.9,0.25,10.0,risk_aware_eatl,0.14440125000000045,1.6392333333333333,0.2793000000000008,0.14440125000000045,-1.4948320833333328,-1.3599333333333326
0.9,0.25,20.0,risk_aware_eatl,0.22333208333333351,3.2775666666666665,0.5331333333333275,0.22333208333333351,-3.054234583333333,-2.744433333333339
0.9,0.5,1.0,risk_aware_eatl,0.04223166666666661,0.17623333333333333,0.08413333333333317,0.04223166666666661,-0.1340016666666667,-0.09210000000000015
0.9,0.5,2.0,risk_aware_eatl,0.054148333333333215,0.3510666666666667,0.10593333333333324,0.054148333333333215,-0.2969183333333335,-0.24513333333333345
0.9,0.5,5.0,risk_aware_eatl,0.08434749999999999,0.8755666666666667,0.16853333333333378,0.08434749999999999,-0.7912191666666667,-0.707033333333333
0.9,0.5,10.0,risk_aware_eatl,0.14595000000000016,1.7497333333333334,0.3055666666666692,0.14595000000000016,-1.6037833333333331,-1.4441666666666642
0.9,0.5,20.0,risk_aware_eatl,0.21583750000000027,3.4980666666666664,0.6335999999999967,0.21583750000000027,-3.2822291666666663,-2.8644666666666696
0.9,0.75,1.0,risk_aware_eatl,0.05393375000000043,0.17473333333333332,0.1040000000000006,0.05393375000000043,-0.12079958333333289,-0.07073333333333272
0.9,0.75,2.0,risk_aware_eatl,0.06319666666666714,0.3480666666666667,0.13530000000000034,0.06319666666666714,-0.28486999999999957,-0.21276666666666635
0.9,0.75,5.0,risk_aware_eatl,0.1015370833333338,0.8680666666666668,0.21773333333333303,0.1015370833333338,-0.766529583333333,-0.6503333333333338
0.9,0.75,10.0,risk_aware_eatl,0.15373666666666674,1.7347333333333332,0.32813333333333133,0.15373666666666674,-1.5809966666666666,-1.4066000000000018
0.9,0.75,20.0,risk_aware_eatl,0.2900029166666659,3.4680666666666666,0.5490999999999981,0.2900029166666659,-3.1780637500000006,-2.9189666666666687
0.9,1.0,1.0,risk_aware_eatl,0.06732000000000006,0.17243333333333333,0.12569999999999917,0.06732000000000006,-0.10511333333333327,-0.046733333333334154
0.9,1.0,2.0,risk_aware_eatl,0.08011666666666661,0.34376666666666666,0.15796666666666614,0.08011666666666661,-0.26365000000000005,-0.18580000000000052
0.9,1.0,5.0,risk_aware_eatl,0.12095666666666641,0.8577666666666668,0.23756666666666673,0.12095666666666641,-0.7368100000000004,-0.6202000000000001
0.9,1.0,10.0,risk_aware_eatl,0.18111000000000005,1.7144333333333335,0.3590000000000012,0.18111000000000005,-1.5333233333333334,-1.3554333333333322
0.9,1.0,20.0,risk_aware_eatl,0.2944300000000003,3.4277666666666664,0.6153000000000051,0.2944300000000003,-3.133336666666666,-2.812466666666661
0.9,1.25,1.0,risk_aware_eatl,0.07994583333333326,0.16843333333333332,0.1583000000000003,0.07994583333333326,-0.08848750000000007,-0.010133333333333022
0.9,1.25,2.0,risk_aware_eatl,0.09068541666666657,0.33576666666666666,0.18213333333333365,0.09068541666666657,-0.24508125000000008,-0.153633333333333
0.9,1.25,5.0,risk_aware_eatl,0.11592083333333322,0.8377666666666667,0.26216666666666694,0.11592083333333322,-0.7218458333333334,-0.5755999999999997
0.9,1.25,10.0,risk_aware_eatl,0.20076041666666683,1.6744333333333332,0.3914666666666662,0.20076041666666683,-1.4736729166666664,-1.282966666666667
0.9,1.25,20.0,risk_aware_eatl,0.30890625000000027,3.347766666666667,0.6035333333333323,0.30890625000000027,-3.0388604166666666,-2.7442333333333346
0.9,1.75,1.0,risk_aware_eatl,0.10510249999999957,0.16913333333333333,0.20530000000000037,0.10510249999999957,-0.06403083333333376,0.03616666666666704
0.9,1.75,2.0,risk_aware_eatl,0.12505999999999948,0.3374666666666667,0.2308000000000006,0.12505999999999948,-0.21240666666666722,-0.1066666666666661
0.9,1.75,5.0,risk_aware_eatl,0.15683374999999974,0.8424666666666667,0.30956666666666777,0.15683374999999974,-0.6856329166666669,-0.5328999999999989
0.9,1.75,10.0,risk_aware_eatl,0.2130933333333334,1.6841333333333333,0.4225000000000015,0.2130933333333334,-1.47104,-1.2616333333333318
0.9,1.75,20.0,risk_aware_eatl,0.3079033333333337,3.3674666666666666,0.7269666666666639,0.3079033333333337,-3.0595633333333327,-2.640500000000003
0.9,2.5,1.0,conservative_prior,0.12258333333333363,0.16883333333333334,0.28663333333333385,0.14698333333333316,-0.021850000000000175,0.11780000000000052
0.9,2.5,2.0,risk_aware_eatl,0.15749999999999978,0.33666666666666667,0.30826666666666724,0.15749999999999978,-0.1791666666666669,-0.028399999999999426
0.9,2.5,5.0,risk_aware_eatl,0.1915583333333331,0.8401666666666667,0.37820000000000076,0.1915583333333331,-0.6486083333333337,-0.46196666666666597
0.9,2.5,10.0,risk_aware_eatl,0.25670416666666657,1.6793333333333333,0.5037000000000007,0.25670416666666657,-1.4226291666666668,-1.1756333333333326
0.9,2.5,20.0,risk_aware_eatl,0.3983708333333338,3.3576666666666664,0.8016333333333323,0.3983708333333338,-2.9592958333333326,-2.556033333333334
0.9,3.0,1.0,conservative_prior,0.12405000000000031,0.17196666666666666,0.33623333333333616,0.16664166666666722,-0.005324999999999441,0.1642666666666695
0.9,3.0,2.0,risk_aware_eatl,0.18440666666666752,0.34213333333333334,0.3625666666666693,0.18440666666666752,-0.15772666666666582,0.020433333333335968
0.9,3.0,5.0,risk_aware_eatl,0.20964833333333477,0.8526333333333334,0.44193333333333573,0.20964833333333477,-0.6429849999999986,-0.4106999999999976
0.9,3.0,10.0,risk_aware_eatl,0.2728533333333353,1.7034666666666667,0.6009666666666674,0.2728533333333353,-1.4306133333333313,-1.1024999999999991
0.9,3.0,20.0,risk_aware_eatl,0.3614583333333349,3.405133333333333,0.8817333333333325,0.3614583333333349,-3.043674999999998,-2.5234000000000005
