family,seed,regime,method,n,accuracy,nonabstain_accuracy,balanced_accuracy,unsafe_false_positive_rate,avoidable_false_negative_rate,abstention_rate,precision,recall,f1,mean_test_cost,mean_tests_used,mean_total_cost,stale_unsafe_rate,dominated_rate
C_selector_ablation,28201,label_preserving_flips,risk_aware_eatl,2400,0.9795833333333334,0.9795833333333334,0.968527131319532,0.014166666666666666,0.00625,0.0,0.9002932551319648,0.953416149068323,0.9260935143288084,0.0694833333333333,0.6929166666666666,0.12669583333333204,0.0,0.0
C_selector_ablation,28201,label_preserving_flips,eager_eatl,2400,0.9725,0.9725,0.9670610178205274,0.022083333333333333,0.005416666666666667,0.0,0.8535911602209945,0.9596273291925466,0.9035087719298246,0.10200000000000006,1.0,0.19016666666666335,0.0,0.0
C_selector_ablation,28201,label_preserving_flips,risk_no_failure_harm,2400,0.9820833333333333,0.9820833333333333,0.9817804386683325,0.015416666666666667,0.0025,0.0,0.8951841359773371,0.9813664596273292,0.9362962962962962,0.0694833333333333,0.6929166666666666,0.13069583333333168,0.0,0.0
C_selector_ablation,28201,label_preserving_flips,risk_no_test_harm,2400,0.98375,0.98375,0.9801185444676259,0.012916666666666667,0.0033333333333333335,0.0,0.9101449275362319,0.9751552795031055,0.9415292353823088,0.0694833333333333,0.6929166666666666,0.11869583333333239,0.0,0.0
C_selector_ablation,28201,label_preserving_flips,risk_no_abstention,2400,0.9795833333333334,0.9795833333333334,0.9764002056444623,0.016666666666666666,0.00375,0.0,0.886685552407932,0.9720496894409938,0.9274074074074073,0.0694833333333333,0.6929166666666666,0.13769583333333102,0.0,0.0
C_selector_ablation,28201,label_preserving_flips,cheapest_test_selector,2400,0.9016666666666666,0.9016666666666666,0.9314050179640003,0.09458333333333334,0.00375,0.0,0.5796296296296296,0.9720496894409938,0.7262180974477959,0.01279999999999993,0.155,0.4847666666666648,0.0,0.0
C_selector_ablation,28201,label_preserving_flips,random_test_control,2400,0.5075,0.5075,0.5135163409633008,0.42833333333333334,0.06416666666666666,0.0,0.14046822742474915,0.5217391304347826,0.22134387351778656,0.06630000000000003,1.0,2.2298916666666666,0.0,0.0
C_selector_ablation,28202,label_preserving_flips,risk_aware_eatl,2400,0.98,0.98,0.9721760797342193,0.014583333333333334,0.005416666666666667,0.0,0.9022346368715084,0.9613095238095238,0.9308357348703171,0.07008333333333328,0.6995833333333333,0.1287291666666652,0.0,0.0
C_selector_ablation,28202,label_preserving_flips,eager_eatl,2400,0.9754166666666667,0.9754166666666667,0.9757405869324474,0.02125,0.0033333333333333335,0.0,0.8654353562005277,0.9761904761904762,0.9174825174825175,0.10200000000000006,1.0,0.18474999999999703,0.0,0.0
C_selector_ablation,28202,label_preserving_flips,risk_no_failure_harm,2400,0.9804166666666667,0.9804166666666667,0.976155869324474,0.015416666666666667,0.004166666666666667,0.0,0.8980716253443526,0.9702380952380952,0.9327610872675249,0.07008333333333328,0.6995833333333333,0.13214583333333177,0.0,0.0
C_selector_ablation,28202,label_preserving_flips,risk_no_test_harm,2400,0.9833333333333333,0.9833333333333333,0.9716223698781838,0.010416666666666666,0.00625,0.0,0.9277456647398844,0.9553571428571429,0.9413489736070382,0.07008333333333328,0.6995833333333333,0.10839583333333287,0.0,0.0
C_selector_ablation,28202,label_preserving_flips,risk_no_abstention,2400,0.9825,0.9825,0.9761212624584718,0.012916666666666667,0.004583333333333333,0.0,0.9129213483146067,0.9672619047619048,0.9393063583815029,0.07008333333333328,0.6995833333333333,0.11989583333333222,0.0,0.0
C_selector_ablation,28202,label_preserving_flips,cheapest_test_selector,2400,0.9020833333333333,0.9020833333333333,0.9256298449612403,0.09208333333333334,0.005833333333333334,0.0,0.5930018416206262,0.9583333333333334,0.732650739476678,0.01279999999999993,0.155,0.4735166666666647,0.0,0.0
C_selector_ablation,28202,label_preserving_flips,random_test_control,2400,0.495,0.495,0.5008305647840532,0.43625,0.06875,0.0,0.14039408866995073,0.5089285714285714,0.22007722007722005,0.06630000000000003,1.0,2.272224999999998,0.0,0.0
C_selector_ablation,28203,label_preserving_flips,risk_aware_eatl,2400,0.9845833333333334,0.9845833333333334,0.986094472568948,0.01375,0.0016666666666666668,0.0,0.9103260869565217,0.9882005899705014,0.9476661951909476,0.07039999999999998,0.7016666666666667,0.1225499999999992,0.0,0.0
C_selector_ablation,28203,label_preserving_flips,eager_eatl,2400,0.97625,0.97625,0.9689192032392557,0.017916666666666668,0.005833333333333334,0.0,0.8831521739130435,0.9587020648967551,0.9193776520509194,0.10200000000000006,1.0,0.1695833333333305,0.0,0.0
C_selector_ablation,28203,label_preserving_flips,risk_no_failure_harm,2400,0.9841666666666666,0.9841666666666666,0.9784579184432336,0.011666666666666667,0.004166666666666667,0.0,0.9215686274509803,0.9705014749262537,0.9454022988505747,0.07039999999999998,0.7016666666666667,0.11363333333333255,0.0,0.0
C_selector_ablation,28203,label_preserving_flips,risk_no_test_harm,2400,0.9770833333333333,0.9770833333333333,0.9755660324698466,0.019166666666666665,0.00375,0.0,0.8776595744680851,0.9734513274336283,0.9230769230769231,0.07039999999999998,0.7016666666666667,0.15088333333333073,0.0,0.0
C_selector_ablation,28203,label_preserving_flips,risk_no_abstention,2400,0.9804166666666667,0.9804166666666667,0.9738098611808856,0.014583333333333334,0.005,0.0,0.9033149171270718,0.9646017699115044,0.9329529243937232,0.07039999999999998,0.7016666666666667,0.12871666666666504,0.0,0.0
C_selector_ablation,28203,label_preserving_flips,cheapest_test_selector,2400,0.9058333333333334,0.9058333333333334,0.9390106186102631,0.09208333333333334,0.0020833333333333333,0.0,0.6018018018018018,0.9852507374631269,0.7472035794183445,0.01279999999999993,0.155,0.47126666666666495,0.0,0.0
C_selector_ablation,28203,label_preserving_flips,random_test_control,2400,0.4975,0.4975,0.4917666052650788,0.4295833333333333,0.07291666666666667,0.0,0.13723849372384936,0.4837758112094395,0.21382007822685783,0.06630000000000003,1.0,2.241391666666667,0.0,0.0
C_selector_ablation,28204,label_preserving_flips,risk_aware_eatl,2400,0.9841666666666666,0.9841666666666666,0.9767162633016291,0.01125,0.004583333333333333,0.0,0.9215116279069767,0.9664634146341463,0.9434523809523809,0.07009999999999997,0.6991666666666667,0.11157499999999944,0.0,0.0
C_selector_ablation,28204,label_preserving_flips,eager_eatl,2400,0.97375,0.97375,0.9796649872869385,0.024583333333333332,0.0016666666666666668,0.0,0.8459530026109661,0.9878048780487805,0.9113924050632911,0.10200000000000006,1.0,0.2004166666666633,0.0,0.0
C_selector_ablation,28204,label_preserving_flips,risk_no_failure_harm,2400,0.98375,0.98375,0.9828903380732649,0.01375,0.0025,0.0,0.9070422535211268,0.9817073170731707,0.9428989751098097,0.07009999999999997,0.6991666666666667,0.12282499999999892,0.0,0.0
C_selector_ablation,28204,label_preserving_flips,risk_no_test_harm,2400,0.9875,0.9875,0.9863452302476693,0.010416666666666666,0.0020833333333333333,0.0,0.9281609195402298,0.9847560975609756,0.9556213017751478,0.07009999999999997,0.6991666666666667,0.10590833333333304,0.0,0.0
C_selector_ablation,28204,label_preserving_flips,risk_no_abstention,2400,0.9820833333333333,0.9820833333333333,0.9793589321028345,0.014583333333333334,0.0033333333333333335,0.0,0.9014084507042254,0.975609756097561,0.9370424597364567,0.07009999999999997,0.6991666666666667,0.12749166666666534,0.0,0.0
C_selector_ablation,28204,label_preserving_flips,cheapest_test_selector,2400,0.9025,0.9025,0.9319851210095113,0.09375,0.00375,0.0,0.5863970588235294,0.9725609756097561,0.731651376146789,0.01279999999999993,0.155,0.4805999999999983,0.0,0.0
C_selector_ablation,28204,label_preserving_flips,random_test_control,2400,0.4995833333333333,0.4995833333333333,0.49334329974573876,0.43,0.07041666666666667,0.0,0.13350125944584382,0.4847560975609756,0.20934825543120472,0.06630000000000003,1.0,2.241975000000002,0.0,0.0
C_selector_ablation,28205,label_preserving_flips,risk_aware_eatl,2400,0.9845833333333334,0.9845833333333334,0.9819421319448896,0.0125,0.002916666666666667,0.0,0.9132947976878613,0.978328173374613,0.944693572496263,0.07045416666666665,0.6995833333333333,0.11709062499999907,0.0,0.0
C_selector_ablation,28205,label_preserving_flips,eager_eatl,2400,0.9691666666666666,0.9691666666666666,0.9678060312638346,0.02625,0.004583333333333333,0.0,0.832,0.9659442724458205,0.8939828080229226,0.10200000000000006,1.0,0.21049999999999588,0.0,0.0
C_selector_ablation,28205,label_preserving_flips,risk_no_failure_harm,2400,0.9791666666666666,0.9791666666666666,0.9748908508491201,0.016666666666666666,0.004166666666666667,0.0,0.886685552407932,0.9690402476780186,0.92603550295858,0.07045416666666665,0.6995833333333333,0.13867395833333163,0.0,0.0
C_selector_ablation,28205,label_preserving_flips,risk_no_test_harm,2400,0.9820833333333333,0.9820833333333333,0.973961462039647,0.012916666666666667,0.005,0.0,0.9093567251461988,0.9628482972136223,0.9353383458646616,0.07045416666666665,0.6995833333333333,0.12042395833333236,0.0,0.0
C_selector_ablation,28205,label_preserving_flips,risk_no_abstention,2400,0.9829166666666667,0.9829166666666667,0.9849009720199562,0.015416666666666667,0.0016666666666666668,0.0,0.8960674157303371,0.9876160990712074,0.9396170839469808,0.07045416666666665,0.6995833333333333,0.1309239583333318,0.0,0.0
C_selector_ablation,28205,label_preserving_flips,cheapest_test_selector,2400,0.9058333333333334,0.9058333333333334,0.9377510728590146,0.09166666666666666,0.0025,0.0,0.590316573556797,0.9814241486068112,0.7372093023255814,0.01279999999999993,0.155,0.4694333333333315,0.0,0.0
C_selector_ablation,28205,label_preserving_flips,random_test_control,2400,0.50375,0.50375,0.510663749066512,0.43166666666666664,0.06458333333333334,0.0,0.13953488372093023,0.5201238390092879,0.2200392927308448,0.06630000000000003,1.0,2.2468083333333335,0.0,0.0
C_selector_ablation,28206,label_preserving_flips,risk_aware_eatl,2400,0.9816666666666667,0.9816666666666667,0.9829101019462465,0.01625,0.0020833333333333333,0.0,0.8913649025069638,0.9846153846153847,0.9356725146198832,0.07006249999999997,0.6995833333333333,0.13504687499999812,0.0,0.0
C_selector_ablation,28206,label_preserving_flips,eager_eatl,2400,0.9729166666666667,0.9729166666666667,0.9765523632993514,0.024583333333333332,0.0025,0.0,0.843915343915344,0.9815384615384616,0.9075391180654339,0.10200000000000006,1.0,0.2009166666666633,0.0,0.0
C_selector_ablation,28206,label_preserving_flips,risk_no_failure_harm,2400,0.9804166666666667,0.9804166666666667,0.9782947173308619,0.01625,0.0033333333333333335,0.0,0.8904494382022472,0.9753846153846154,0.9309838472834068,0.07006249999999997,0.6995833333333333,0.13579687499999846,0.0,0.0
C_selector_ablation,28206,label_preserving_flips,risk_no_test_harm,2400,0.9816666666666667,0.9816666666666667,0.9816126042632067,0.015833333333333335,0.0025,0.0,0.8935574229691877,0.9815384615384616,0.935483870967742,0.07006249999999997,0.6995833333333333,0.13321354166666483,0.0,0.0
C_selector_ablation,28206,label_preserving_flips,risk_no_abstention,2400,0.98375,0.98375,0.9802224281742354,0.012916666666666667,0.0033333333333333335,0.0,0.9109195402298851,0.9753846153846154,0.9420505200594355,0.07006249999999997,0.6995833333333333,0.11913020833333259,0.0,0.0
C_selector_ablation,28206,label_preserving_flips,cheapest_test_selector,2400,0.9016666666666666,0.9016666666666666,0.9327525486561632,0.095,0.0033333333333333335,0.0,0.581651376146789,0.9753846153846154,0.728735632183908,0.01279999999999993,0.155,0.4865999999999981,0.0,0.0
C_selector_ablation,28206,label_preserving_flips,random_test_control,2400,0.49083333333333334,0.49083333333333334,0.5005375347544022,0.44333333333333336,0.06583333333333333,0.0,0.13566206336311942,0.5138461538461538,0.21465295629820053,0.06630000000000003,1.0,2.3058916666666662,0.0,0.0
C_selector_ablation,28207,label_preserving_flips,risk_aware_eatl,2400,0.9833333333333333,0.9833333333333333,0.9791335541712035,0.012916666666666667,0.00375,0.0,0.9136490250696379,0.973293768545994,0.9425287356321839,0.07052916666666667,0.70125,0.11973020833333206,0.0,0.0
C_selector_ablation,28207,label_preserving_flips,eager_eatl,2400,0.9775,0.9775,0.9695338671606991,0.016666666666666666,0.005833333333333334,0.0,0.8898071625344353,0.9584569732937686,0.9228571428571429,0.10200000000000006,1.0,0.16333333333333097,0.0,0.0
C_selector_ablation,28207,label_preserving_flips,risk_no_failure_harm,2400,0.9775,0.9775,0.9720164952368349,0.0175,0.005,0.0,0.885558583106267,0.9643916913946587,0.9232954545454546,0.07052916666666667,0.70125,0.14339687499999804,0.0,0.0
C_selector_ablation,28207,label_preserving_flips,risk_no_test_harm,2400,0.9804166666666667,0.9804166666666667,0.9687477974946457,0.012916666666666667,0.006666666666666667,0.0,0.9119318181818182,0.9525222551928784,0.9317851959361394,0.07052916666666667,0.70125,0.12148020833333194,0.0,0.0
C_selector_ablation,28207,label_preserving_flips,risk_no_abstention,2400,0.98375,0.98375,0.9855824898486978,0.014583333333333334,0.0016666666666666668,0.0,0.904891304347826,0.9881305637982196,0.9446808510638297,0.07052916666666667,0.70125,0.12681354166666525,0.0,0.0
C_selector_ablation,28207,label_preserving_flips,cheapest_test_selector,2400,0.9020833333333333,0.9020833333333333,0.9343549122521866,0.095,0.002916666666666667,0.0,0.5913978494623656,0.9792284866468842,0.7374301675977654,0.01279999999999993,0.155,0.48634999999999823,0.0,0.0
C_selector_ablation,28207,label_preserving_flips,random_test_control,2400,0.49416666666666664,0.49416666666666664,0.4897796559704616,0.43333333333333335,0.0725,0.0,0.13549459684123025,0.4836795252225519,0.21168831168831165,0.06630000000000003,1.0,2.2598916666666664,0.0,0.0
C_selector_ablation,28208,label_preserving_flips,risk_aware_eatl,2400,0.98375,0.98375,0.9748333862265948,0.010833333333333334,0.005416666666666667,0.0,0.9273743016759777,0.9623188405797102,0.9445234708392602,0.0701583333333333,0.69875,0.11003541666666573,0.0,0.0
C_selector_ablation,28208,label_preserving_flips,eager_eatl,2400,0.9775,0.9775,0.9760076166296414,0.01875,0.00375,0.0,0.8818897637795275,0.9739130434782609,0.9256198347107438,0.10200000000000006,1.0,0.17249999999999724,0.0,0.0
C_selector_ablation,28208,label_preserving_flips,risk_no_failure_harm,2400,0.9816666666666667,0.9816666666666667,0.979646673013858,0.015,0.0033333333333333335,0.0,0.903485254691689,0.9768115942028985,0.9387186629526463,0.0701583333333333,0.69875,0.1296187499999983,0.0,0.0
C_selector_ablation,28208,label_preserving_flips,risk_no_test_harm,2400,0.9854166666666667,0.9854166666666667,0.9794245213159843,0.010416666666666666,0.004166666666666667,0.0,0.9305555555555556,0.9710144927536232,0.9503546099290779,0.0701583333333333,0.69875,0.10720208333333286,0.0,0.0
C_selector_ablation,28208,label_preserving_flips,risk_no_abstention,2400,0.9820833333333333,0.9820833333333333,0.9823019147360625,0.015416666666666667,0.0025,0.0,0.901595744680851,0.9826086956521739,0.9403606102635229,0.0701583333333333,0.69875,0.1312020833333315,0.0,0.0
C_selector_ablation,28208,label_preserving_flips,cheapest_test_selector,2400,0.9045833333333333,0.9045833333333333,0.9273987094044218,0.08958333333333333,0.005833333333333334,0.0,0.6062271062271062,0.9594202898550724,0.7429854096520763,0.01279999999999993,0.155,0.4610166666666648,0.0,0.0
C_selector_ablation,28208,label_preserving_flips,random_test_control,2400,0.49291666666666667,0.49291666666666667,0.5037025282978949,0.4379166666666667,0.06916666666666667,0.0,0.14552845528455285,0.518840579710145,0.22730158730158734,0.06630000000000003,1.0,2.2808083333333333,0.0,0.0
C_selector_ablation,28209,label_preserving_flips,risk_aware_eatl,2400,0.9833333333333333,0.9833333333333333,0.9757488010134829,0.011666666666666667,0.005,0.0,0.9222222222222223,0.9651162790697675,0.9431818181818181,0.06945833333333329,0.6929166666666666,0.11342708333333232,0.0,0.0
C_selector_ablation,28209,label_preserving_flips,eager_eatl,2400,0.97125,0.97125,0.9711168672518324,0.024583333333333332,0.004166666666666667,0.0,0.8498727735368957,0.9709302325581395,0.9063772048846674,0.10200000000000006,1.0,0.201916666666663,0.0,0.0
C_selector_ablation,28209,label_preserving_flips,risk_no_failure_harm,2400,0.9845833333333334,0.9845833333333334,0.9788989684191476,0.01125,0.004166666666666667,0.0,0.925207756232687,0.9709302325581395,0.9475177304964538,0.06945833333333329,0.6929166666666666,0.1108437499999993,0.0,0.0
C_selector_ablation,28209,label_preserving_flips,risk_no_test_harm,2400,0.9791666666666666,0.9791666666666666,0.9781580852411547,0.0175,0.0033333333333333335,0.0,0.8888888888888888,0.9767441860465116,0.930747922437673,0.06945833333333329,0.6929166666666666,0.141593749999998,0.0,0.0
C_selector_ablation,28209,label_preserving_flips,risk_no_abstention,2400,0.9833333333333333,0.9833333333333333,0.9830105872771695,0.014166666666666666,0.0025,0.0,0.9086021505376344,0.9825581395348837,0.9441340782122903,0.06945833333333329,0.6929166666666666,0.12442708333333184,0.0,0.0
C_selector_ablation,28209,label_preserving_flips,cheapest_test_selector,2400,0.90375,0.90375,0.9292993846710705,0.09125,0.005,0.0,0.6025408348457351,0.9651162790697675,0.7418994413407822,0.01279999999999993,0.155,0.468849999999998,0.0,0.0
C_selector_ablation,28209,label_preserving_flips,random_test_control,2400,0.49291666666666667,0.49291666666666667,0.49586575875486383,0.4354166666666667,0.07166666666666667,0.0,0.14133114215283485,0.5,0.22037155669442668,0.06630000000000003,1.0,2.2698083333333328,0.0,0.0
C_selector_ablation,28210,label_preserving_flips,risk_aware_eatl,2400,0.9841666666666666,0.9841666666666666,0.9781045751633988,0.01125,0.004583333333333333,0.0,0.9281914893617021,0.9694444444444444,0.9483695652173914,0.06988749999999998,0.6966666666666667,0.11141562499999907,0.0,0.0
C_selector_ablation,28210,label_preserving_flips,eager_eatl,2400,0.97625,0.97625,0.9734477124183006,0.019166666666666665,0.004583333333333333,0.0,0.8835443037974684,0.9694444444444444,0.9245033112582782,0.10200000000000006,1.0,0.17508333333333082,0.0,0.0
C_selector_ablation,28210,label_preserving_flips,risk_no_failure_harm,2400,0.9770833333333333,0.9770833333333333,0.9750816993464052,0.01875,0.004166666666666667,0.0,0.8860759493670886,0.9722222222222222,0.9271523178807947,0.06988749999999998,0.6966666666666667,0.14866562499999839,0.0,0.0
C_selector_ablation,28210,label_preserving_flips,risk_no_test_harm,2400,0.98125,0.98125,0.9741013071895425,0.013333333333333334,0.005416666666666667,0.0,0.9155672823218998,0.9638888888888889,0.9391069012178621,0.06988749999999998,0.6966666666666667,0.1223322916666654,0.0,0.0
C_selector_ablation,28210,label_preserving_flips,risk_no_abstention,2400,0.98125,0.98125,0.9786764705882353,0.015,0.00375,0.0,0.9069767441860465,0.975,0.9397590361445783,0.06988749999999998,0.6966666666666667,0.12966562499999856,0.0,0.0
C_selector_ablation,28210,label_preserving_flips,cheapest_test_selector,2400,0.9079166666666667,0.9079166666666667,0.9366830065359477,0.08875,0.0033333333333333335,0.0,0.6230088495575221,0.9777777777777777,0.7610810810810811,0.01279999999999993,0.155,0.455349999999998,0.0,0.0
C_selector_ablation,28210,label_preserving_flips,random_test_control,2400,0.5045833333333334,0.5045833333333334,0.5152777777777777,0.425,0.07041666666666667,0.0,0.15772089182493806,0.5305555555555556,0.2431572246976448,0.06630000000000003,1.0,2.2169750000000024,0.0,0.0
C_selector_ablation,28211,label_preserving_flips,risk_aware_eatl,2400,0.9825,0.9825,0.979533236900624,0.01375,0.00375,0.0,0.9149484536082474,0.9752747252747253,0.9441489361702128,0.07006249999999997,0.6966666666666667,0.12354687499999883,0.0,0.0
C_selector_ablation,28211,label_preserving_flips,eager_eatl,2400,0.9775,0.9775,0.9743301884755715,0.017916666666666668,0.004583333333333333,0.0,0.8914141414141414,0.9697802197802198,0.9289473684210525,0.10200000000000006,1.0,0.16883333333333037,0.0,0.0
C_selector_ablation,28211,label_preserving_flips,risk_no_failure_harm,2400,0.9829166666666667,0.9829166666666667,0.9763946760508646,0.012083333333333333,0.005,0.0,0.9238845144356955,0.967032967032967,0.94496644295302,0.07006249999999997,0.6966666666666667,0.1159635416666655,0.0,0.0
C_selector_ablation,28211,label_preserving_flips,risk_no_test_harm,2400,0.98375,0.98375,0.9768858351864246,0.01125,0.005,0.0,0.9287598944591029,0.967032967032967,0.9475100942126515,0.07006249999999997,0.6966666666666667,0.11179687499999955,0.0,0.0
C_selector_ablation,28211,label_preserving_flips,risk_no_abstention,2400,0.9833333333333333,0.9833333333333333,0.9743841620069518,0.010833333333333334,0.005833333333333334,0.0,0.9308510638297872,0.9615384615384616,0.9459459459459459,0.07006249999999997,0.6966666666666667,0.11021354166666586,0.0,0.0
C_selector_ablation,28211,label_preserving_flips,cheapest_test_selector,2400,0.9104166666666667,0.9104166666666667,0.9359199248688443,0.08541666666666667,0.004166666666666667,0.0,0.6332737030411449,0.9725274725274725,0.7670639219934994,0.01279999999999993,0.155,0.43918333333333115,0.0,0.0
C_selector_ablation,28211,label_preserving_flips,random_test_control,2400,0.49291666666666667,0.49291666666666667,0.5059775686003584,0.435,0.07208333333333333,0.0,0.15465587044534412,0.5247252747252747,0.23889931207004375,0.06630000000000003,1.0,2.267975,0.0,0.0
C_selector_ablation,28212,label_preserving_flips,risk_aware_eatl,2400,0.9808333333333333,0.9808333333333333,0.9851592109029951,0.017916666666666668,0.00125,0.0,0.8871391076115486,0.9912023460410557,0.9362880886426593,0.07074999999999998,0.7045833333333333,0.14339583333333147,0.0,0.0
C_selector_ablation,28212,label_preserving_flips,eager_eatl,2400,0.9716666666666667,0.9716666666666667,0.9724761756910154,0.024583333333333332,0.00375,0.0,0.8491048593350383,0.9736070381231672,0.907103825136612,0.10200000000000006,1.0,0.20166666666666339,0.0,0.0
C_selector_ablation,28212,label_preserving_flips,risk_no_failure_harm,2400,0.98125,0.98125,0.9792848505737631,0.015416666666666667,0.0033333333333333335,0.0,0.9,0.9765395894428153,0.9367088607594938,0.07074999999999998,0.7045833333333333,0.13214583333333163,0.0,0.0
C_selector_ablation,28212,label_preserving_flips,risk_no_test_harm,2400,0.97375,0.97375,0.9675731606750423,0.020416666666666666,0.005833333333333334,0.0,0.8696808510638298,0.9589442815249267,0.9121338912133891,0.07074999999999998,0.7045833333333333,0.15864583333333104,0.0,0.0
C_selector_ablation,28212,label_preserving_flips,risk_no_abstention,2400,0.9866666666666667,0.9866666666666667,0.9873354801678917,0.011666666666666667,0.0016666666666666668,0.0,0.9232876712328767,0.9882697947214076,0.9546742209631728,0.07074999999999998,0.7045833333333333,0.1123958333333328,0.0,0.0
C_selector_ablation,28212,label_preserving_flips,cheapest_test_selector,2400,0.9091666666666667,0.9091666666666667,0.9409444837698453,0.08875,0.0020833333333333333,0.0,0.6120218579234973,0.9853372434017595,0.7550561797752808,0.01279999999999993,0.155,0.454599999999998,0.0,0.0
C_selector_ablation,28212,label_preserving_flips,random_test_control,2400,0.5070833333333333,0.5070833333333333,0.5108571339046515,0.4241666666666667,0.06875,0.0,0.1474036850921273,0.5161290322580645,0.2293159609120521,0.06630000000000003,1.0,2.2118083333333347,0.0,0.0
C_selector_ablation,28201,mixed,risk_aware_eatl,2400,0.9858333333333333,0.9858333333333333,0.9810929577464789,0.006666666666666667,0.0075,0.0,0.9743178170144462,0.9712,0.9727564102564102,0.05838333333333304,0.5925,0.08162083333333321,0.0,0.0
C_selector_ablation,28201,mixed,eager_eatl,2400,0.97125,0.97125,0.9733070422535212,0.022916666666666665,0.005833333333333334,0.0,0.9174174174174174,0.9776,0.9465530596436871,0.10200000000000006,1.0,0.19458333333332986,0.0,0.0
C_selector_ablation,28201,mixed,risk_no_failure_harm,2400,0.9825,0.9825,0.9783211267605634,0.009583333333333333,0.007916666666666667,0.0,0.9634340222575517,0.9696,0.9665071770334929,0.05785833333333303,0.5879166666666666,0.09606041666666622,0.0,0.0
C_selector_ablation,28201,mixed,risk_no_test_harm,2400,0.98625,0.98625,0.9824112676056338,0.007083333333333333,0.006666666666666667,0.0,0.9728434504792333,0.9744,0.973621103117506,0.05822499999999973,0.59125,0.08308541666666645,0.0,0.0
C_selector_ablation,28201,mixed,risk_no_abstention,2400,0.98625,0.98625,0.9850028169014085,0.009166666666666667,0.004583333333333333,0.0,0.9654088050314465,0.9824,0.9738302934179224,0.05838749999999971,0.5925,0.09237395833333285,0.0,0.0
C_selector_ablation,28201,mixed,cheapest_test_selector,2400,0.8654166666666666,0.8654166666666666,0.8323042253521127,0.07291666666666667,0.06166666666666667,0.0,0.7315950920245399,0.7632,0.7470634299138605,0.01279999999999993,0.155,0.41118333333333207,0.0,0.0
C_selector_ablation,28201,mixed,random_test_control,2400,0.5004166666666666,0.5004166666666666,0.5005408450704225,0.3695833333333333,0.13,0.0,0.2608333333333333,0.5008,0.3430136986301369,0.06630000000000003,1.0,1.975641666666669,0.0,0.0
C_selector_ablation,28202,mixed,risk_aware_eatl,2400,0.9829166666666667,0.9829166666666667,0.9788006810186676,0.009583333333333333,0.0075,0.0,0.9625407166123778,0.9704433497536946,0.9664758789860998,0.05704166666666639,0.5770833333333333,0.09519791666666633,0.0,0.0
C_selector_ablation,28202,mixed,eager_eatl,2400,0.97,0.97,0.9701462979924251,0.0225,0.0075,0.0,0.9162790697674419,0.9704433497536946,0.9425837320574163,0.10200000000000006,1.0,0.19349999999999684,0.0,0.0
C_selector_ablation,28202,mixed,risk_no_failure_harm,2400,0.9820833333333333,0.9820833333333333,0.9733657339791459,0.006666666666666667,0.01125,0.0,0.9732441471571907,0.9556650246305419,0.9643744821872412,0.057429166666666365,0.5804166666666667,0.08315520833333306,0.0,0.0
C_selector_ablation,28202,mixed,risk_no_test_harm,2400,0.9854166666666667,0.9854166666666667,0.9826431005602727,0.00875,0.005833333333333334,0.0,0.9659090909090909,0.9770114942528736,0.9714285714285714,0.05667083333333303,0.5741666666666667,0.08975312499999973,0.0,0.0
C_selector_ablation,28202,mixed,risk_no_abstention,2400,0.9858333333333333,0.9858333333333333,0.9818385853735013,0.0075,0.006666666666666667,0.0,0.9705400981996727,0.9737274220032841,0.9721311475409836,0.05684166666666635,0.575,0.08413124999999994,0.0,0.0
C_selector_ablation,28202,mixed,cheapest_test_selector,2400,0.88,0.88,0.8529511267338334,0.06875,0.05125,0.0,0.7465437788018433,0.7980295566502463,0.7714285714285715,0.01279999999999993,0.155,0.38409999999999866,0.0,0.0
C_selector_ablation,28202,mixed,random_test_control,2400,0.51375,0.51375,0.5078581192772841,0.35833333333333334,0.12791666666666668,0.0,0.25989672977624784,0.49589490968801314,0.34105025409373235,0.06630000000000003,1.0,1.9181416666666724,0.0,0.0
C_selector_ablation,28203,mixed,risk_aware_eatl,2400,0.9858333333333333,0.9858333333333333,0.9825163097178375,0.007916666666666667,0.00625,0.0,0.9694041867954911,0.9756888168557536,0.9725363489499192,0.05779999999999975,0.5845833333333333,0.08668333333333295,0.0,0.0
C_selector_ablation,28203,mixed,eager_eatl,2400,0.9791666666666666,0.9791666666666666,0.9769695967043326,0.01375,0.007083333333333333,0.0,0.9478672985781991,0.9724473257698542,0.9600000000000001,0.10200000000000006,1.0,0.14949999999999763,0.0,0.0
C_selector_ablation,28203,mixed,risk_no_failure_harm,2400,0.9891666666666666,0.9891666666666666,0.9842297731774339,0.004166666666666667,0.006666666666666667,0.0,0.983633387888707,0.9740680713128039,0.9788273615635179,0.05734999999999971,0.57875,0.06784583333333342,0.0,0.0
C_selector_ablation,28203,mixed,risk_no_test_harm,2400,0.9854166666666667,0.9854166666666667,0.9806460438992065,0.007083333333333333,0.0075,0.0,0.9724025974025974,0.9708265802269044,0.9716139497161395,0.05785833333333308,0.5845833333333333,0.08331041666666637,0.0,0.0
C_selector_ablation,28203,mixed,risk_no_abstention,2400,0.9866666666666667,0.9866666666666667,0.982017269166475,0.00625,0.007083333333333333,0.0,0.975609756097561,0.9724473257698542,0.974025974025974,0.05706666666666636,0.5770833333333333,0.0782999999999998,0.0,0.0
C_selector_ablation,28203,mixed,cheapest_test_selector,2400,0.8583333333333333,0.8583333333333333,0.821453471513329,0.07625,0.06541666666666666,0.0,0.7153965785381027,0.7455429497568882,0.7301587301587302,0.01279999999999993,0.155,0.4300999999999985,0.0,0.0
C_selector_ablation,28203,mixed,random_test_control,2400,0.50375,0.50375,0.5102080608229533,0.37375,0.1225,0.0,0.2647540983606557,0.5235008103727715,0.35166031573217205,0.06630000000000003,1.0,1.991975000000004,0.0,0.0
C_selector_ablation,28204,mixed,risk_aware_eatl,2400,0.98125,0.98125,0.9757566790102721,0.009166666666666667,0.009583333333333333,0.0,0.9655172413793104,0.9640062597809077,0.9647611589663274,0.05859583333333307,0.5908333333333333,0.0955302083333332,0.0,0.0
C_selector_ablation,28204,mixed,eager_eatl,2400,0.9729166666666667,0.9729166666666667,0.9730693454689903,0.02,0.007083333333333333,0.0,0.9283582089552239,0.97339593114241,0.9503437738731856,0.10200000000000006,1.0,0.18074999999999675,0.0,0.0
C_selector_ablation,28204,mixed,risk_no_failure_harm,2400,0.9870833333333333,0.9870833333333333,0.9827229513747258,0.005833333333333334,0.007083333333333333,0.0,0.9779874213836478,0.97339593114241,0.9756862745098038,0.05814583333333306,0.58625,0.07702604166666654,0.0,0.0
C_selector_ablation,28204,mixed,risk_no_test_harm,2400,0.9816666666666667,0.9816666666666667,0.9735478934557563,0.006666666666666667,0.011666666666666667,0.0,0.9744816586921851,0.9561815336463224,0.9652448657187995,0.058304166666666386,0.5870833333333333,0.08406145833333309,0.0,0.0
C_selector_ablation,28204,mixed,risk_no_abstention,2400,0.9854166666666667,0.9854166666666667,0.9835814051448575,0.009166666666666667,0.005416666666666667,0.0,0.9660493827160493,0.9796557120500783,0.9728049728049728,0.058970833333333084,0.5933333333333334,0.09331145833333301,0.0,0.0
C_selector_ablation,28204,mixed,cheapest_test_selector,2400,0.8691666666666666,0.8691666666666666,0.8350675699093292,0.0675,0.06333333333333334,0.0,0.7503852080123267,0.7621283255086072,0.7562111801242236,0.01279999999999993,0.155,0.38509999999999894,0.0,0.0
C_selector_ablation,28204,mixed,random_test_control,2400,0.5183333333333333,0.5183333333333333,0.5172290605263228,0.3525,0.12916666666666668,0.0,0.28,0.514866979655712,0.3627342888643881,0.06630000000000003,1.0,1.8897250000000043,0.0,0.0
C_selector_ablation,28205,mixed,risk_aware_eatl,2400,0.9795833333333334,0.9795833333333334,0.9776588731885214,0.013333333333333334,0.007083333333333333,0.0,0.9512937595129376,0.9735202492211839,0.962278675904542,0.058437499999999726,0.5895833333333333,0.11474479166666597,0.0,0.0
C_selector_ablation,28205,mixed,eager_eatl,2400,0.97625,0.97625,0.975877962425441,0.017083333333333332,0.006666666666666667,0.0,0.9385307346326837,0.9750778816199377,0.9564553093964858,0.10200000000000006,1.0,0.16591666666666416,0.0,0.0
C_selector_ablation,28205,mixed,risk_no_failure_harm,2400,0.9858333333333333,0.9858333333333333,0.9834082910699287,0.008333333333333333,0.005833333333333334,0.0,0.9691358024691358,0.9781931464174455,0.9736434108527132,0.05800416666666637,0.5854166666666667,0.08866979166666622,0.0,0.0
C_selector_ablation,28205,mixed,risk_no_test_harm,2400,0.9858333333333333,0.9858333333333333,0.9829138889774914,0.007916666666666667,0.00625,0.0,0.9705882352941176,0.9766355140186916,0.9736024844720497,0.05837083333333306,0.5891666666666666,0.08711145833333303,0.0,0.0
C_selector_ablation,28205,mixed,risk_no_abstention,2400,0.9854166666666667,0.9854166666666667,0.9801574644083655,0.00625,0.008333333333333333,0.0,0.9764521193092621,0.9688473520249221,0.9726348709929633,0.0583041666666664,0.58875,0.0799781249999999,0.0,0.0
C_selector_ablation,28205,mixed,cheapest_test_selector,2400,0.8733333333333333,0.8733333333333333,0.8408610039020552,0.06541666666666666,0.06125,0.0,0.75920245398773,0.7710280373831776,0.7650695517774343,0.01279999999999993,0.155,0.3734333333333323,0.0,0.0
C_selector_ablation,28205,mixed,random_test_control,2400,0.4970833333333333,0.4970833333333333,0.5004811117136083,0.37125,0.13166666666666665,0.0,0.26787181594083814,0.5077881619937694,0.350726196880043,0.06630000000000003,1.0,1.9849750000000055,0.0,0.0
C_selector_ablation,28206,mixed,risk_aware_eatl,2400,0.98625,0.98625,0.9822299651567945,0.007083333333333333,0.006666666666666667,0.0,0.9724025974025974,0.9739837398373984,0.9731925264012996,0.057791666666666366,0.58375,0.08276041666666635,0.0,0.0
C_selector_ablation,28206,mixed,eager_eatl,2400,0.9675,0.9675,0.9680262348841976,0.024583333333333332,0.007916666666666667,0.0,0.9099236641221374,0.9691056910569106,0.9385826771653544,0.10200000000000006,1.0,0.2041666666666627,0.0,0.0
C_selector_ablation,28206,mixed,risk_no_failure_harm,2400,0.98375,0.98375,0.9789506046320968,0.008333333333333333,0.007916666666666667,0.0,0.9675324675324676,0.9691056910569106,0.9683184402924452,0.05732083333333306,0.5795833333333333,0.08940729166666635,0.0,0.0
C_selector_ablation,28206,mixed,risk_no_test_harm,2400,0.9895833333333334,0.9895833333333334,0.9876682380269182,0.00625,0.004166666666666667,0.0,0.9758064516129032,0.983739837398374,0.979757085020243,0.05739166666666636,0.5791666666666667,0.0767937499999999,0.0,0.0
C_selector_ablation,28206,mixed,risk_no_abstention,2400,0.98625,0.98625,0.9811641729862677,0.00625,0.0075,0.0,0.9754901960784313,0.9707317073170731,0.9731051344743276,0.05731666666666637,0.5795833333333333,0.07873749999999981,0.0,0.0
C_selector_ablation,28206,mixed,cheapest_test_selector,2400,0.8820833333333333,0.8820833333333333,0.8562478649996583,0.0675,0.050416666666666665,0.0,0.7530487804878049,0.8032520325203252,0.7773406766325729,0.01279999999999993,0.155,0.3773499999999986,0.0,0.0
C_selector_ablation,28206,mixed,random_test_control,2400,0.49833333333333335,0.49833333333333335,0.5060736489717839,0.37916666666666665,0.1225,0.0,0.2607636068237206,0.5219512195121951,0.34777898158179854,0.06630000000000003,1.0,2.019058333333336,0.0,0.0
C_selector_ablation,28207,mixed,risk_aware_eatl,2400,0.98625,0.98625,0.9849319328610275,0.009583333333333333,0.004166666666666667,0.0,0.9604810996563574,0.9824253075571178,0.9713292788879236,0.05658749999999973,0.5733333333333334,0.09285729166666645,0.0,0.0
C_selector_ablation,28207,mixed,eager_eatl,2400,0.9783333333333334,0.9783333333333334,0.9797435112335016,0.0175,0.004166666666666667,0.0,0.930116472545757,0.9824253075571178,0.9555555555555555,0.10200000000000006,1.0,0.16649999999999723,0.0,0.0
C_selector_ablation,28207,mixed,risk_no_failure_harm,2400,0.9841666666666666,0.9841666666666666,0.9799325999506642,0.009166666666666667,0.006666666666666667,0.0,0.9617391304347827,0.9718804920913884,0.9667832167832169,0.0565791666666664,0.5729166666666666,0.09226770833333298,0.0,0.0
C_selector_ablation,28207,mixed,risk_no_test_harm,2400,0.9916666666666667,0.9916666666666667,0.9878762457539025,0.00375,0.004583333333333333,0.0,0.9841269841269841,0.9806678383128296,0.9823943661971832,0.05613749999999972,0.5695833333333333,0.06360312500000007,0.0,0.0
C_selector_ablation,28207,mixed,risk_no_abstention,2400,0.9883333333333333,0.9883333333333333,0.9832690079753206,0.005416666666666667,0.00625,0.0,0.9770723104056437,0.9736379613356766,0.9753521126760563,0.05671666666666641,0.57375,0.07337083333333329,0.0,0.0
C_selector_ablation,28207,mixed,cheapest_test_selector,2400,0.8729166666666667,0.8729166666666667,0.8452443227792394,0.07791666666666666,0.049166666666666664,0.0,0.7068965517241379,0.7926186291739895,0.7473073736536868,0.01279999999999993,0.155,0.4286833333333318,0.0,0.0
C_selector_ablation,28207,mixed,random_test_control,2400,0.4841666666666667,0.4841666666666667,0.48386938864834206,0.3933333333333333,0.1225,0.0,0.22559474979491387,0.4833040421792619,0.30760626398210295,0.06630000000000003,1.0,2.08989166666667,0.0,0.0
C_selector_ablation,28208,mixed,risk_aware_eatl,2400,0.9841666666666666,0.9841666666666666,0.9827883812730798,0.010416666666666666,0.005416666666666667,0.0,0.961890243902439,0.9798136645962733,0.9707692307692308,0.05900833333333307,0.595,0.09958958333333295,0.0,0.0
C_selector_ablation,28208,mixed,eager_eatl,2400,0.9795833333333334,0.9795833333333334,0.9811312412456317,0.01625,0.004166666666666667,0.0,0.9420505200594353,0.984472049689441,0.9627942293090357,0.10200000000000006,1.0,0.16024999999999723,0.0,0.0
C_selector_ablation,28208,mixed,risk_no_failure_harm,2400,0.9833333333333333,0.9833333333333333,0.9787772888693955,0.008333333333333333,0.008333333333333333,0.0,0.968944099378882,0.968944099378882,0.968944099378882,0.05907916666666644,0.5954166666666667,0.09097604166666652,0.0,0.0
C_selector_ablation,28208,mixed,risk_no_test_harm,2400,0.98625,0.98625,0.9827370930545141,0.007083333333333333,0.006666666666666667,0.0,0.9736434108527132,0.9751552795031055,0.9743987587276959,0.05845833333333306,0.5895833333333333,0.08326041666666643,0.0,0.0
C_selector_ablation,28208,mixed,risk_no_abstention,2400,0.9875,0.9875,0.9850662856010979,0.007083333333333333,0.005416666666666667,0.0,0.9737654320987654,0.9798136645962733,0.976780185758514,0.05887083333333308,0.5933333333333334,0.08281979166666653,0.0,0.0
C_selector_ablation,28208,mixed,cheapest_test_selector,2400,0.8658333333333333,0.8658333333333333,0.831123813296736,0.06875,0.06541666666666666,0.0,0.7469325153374233,0.7562111801242236,0.7515432098765431,0.01279999999999993,0.155,0.3925999999999986,0.0,0.0
C_selector_ablation,28208,mixed,random_test_control,2400,0.4979166666666667,0.4979166666666667,0.5000512882185657,0.36916666666666664,0.13291666666666666,0.0,0.26837324525185796,0.5046583850931677,0.35040431266846356,0.06630000000000003,1.0,1.9753083333333366,0.0,0.0
C_selector_ablation,28209,mixed,risk_aware_eatl,2400,0.9870833333333333,0.9870833333333333,0.9876796026145473,0.01,0.002916666666666667,0.0,0.963076923076923,0.9889415481832543,0.975837879968823,0.058608333333333144,0.5908333333333333,0.0957062499999995,0.0,0.0
C_selector_ablation,28209,mixed,eager_eatl,2400,0.9804166666666667,0.9804166666666667,0.9796036874022697,0.01375,0.005833333333333334,0.0,0.9493865030674846,0.9778830963665087,0.9634241245136186,0.10200000000000006,1.0,0.14874999999999772,0.0,0.0
C_selector_ablation,28209,mixed,risk_no_failure_harm,2400,0.9883333333333333,0.9883333333333333,0.9834592596764806,0.004583333333333333,0.007083333333333333,0.0,0.9824561403508771,0.9731437598736177,0.9777777777777777,0.058270833333333105,0.5870833333333333,0.07086979166666664,0.0,0.0
C_selector_ablation,28209,mixed,risk_no_test_harm,2400,0.9845833333333334,0.9845833333333334,0.9814194943098459,0.00875,0.006666666666666667,0.0,0.9670846394984326,0.9747235387045814,0.9708890637293469,0.05793749999999975,0.5845833333333333,0.0912031249999997,0.0,0.0
C_selector_ablation,28209,mixed,risk_no_abstention,2400,0.98,0.98,0.9727307107395458,0.00875,0.01125,0.0,0.9665071770334929,0.957345971563981,0.9619047619047619,0.05889166666666645,0.5929166666666666,0.09466874999999952,0.0,0.0
C_selector_ablation,28209,mixed,cheapest_test_selector,2400,0.8554166666666667,0.8554166666666667,0.8171546815364354,0.075,0.06958333333333333,0.0,0.7213622291021672,0.7361769352290679,0.72869429241595,0.01279999999999993,0.155,0.4263499999999985,0.0,0.0
C_selector_ablation,28209,mixed,random_test_control,2400,0.5058333333333334,0.5058333333333334,0.5021872829145176,0.36083333333333334,0.13333333333333333,0.0,0.26547921967769295,0.49447077409162715,0.3454746136865342,0.06630000000000003,1.0,1.9338916666666721,0.0,0.0
C_selector_ablation,28210,mixed,risk_aware_eatl,2400,0.98375,0.98375,0.9800047710583453,0.008333333333333333,0.007916666666666667,0.0,0.9701046337817638,0.9715568862275449,0.9708302169035153,0.0575624999999997,0.58125,0.08958854166666642,0.0,0.0
C_selector_ablation,28210,mixed,eager_eatl,2400,0.9754166666666667,0.9754166666666667,0.9760703765678804,0.018333333333333333,0.00625,0.0,0.9368723098995696,0.9775449101796407,0.9567765567765569,0.10200000000000006,1.0,0.17191666666666378,0.0,0.0
C_selector_ablation,28210,mixed,risk_no_failure_harm,2400,0.9875,0.9875,0.9862814786132124,0.007916666666666667,0.004583333333333333,0.0,0.9718934911242604,0.9835329341317365,0.9776785714285715,0.05763333333333304,0.5825,0.08555833333333294,0.0,0.0
C_selector_ablation,28210,mixed,risk_no_test_harm,2400,0.9833333333333333,0.9833333333333333,0.978336629281852,0.0075,0.009166666666666667,0.0,0.9728915662650602,0.9670658682634731,0.96996996996997,0.05748333333333304,0.5808333333333333,0.08611249999999991,0.0,0.0
C_selector_ablation,28210,mixed,risk_no_abstention,2400,0.9829166666666667,0.9829166666666667,0.9771283068965995,0.007083333333333333,0.01,0.0,0.9742813918305597,0.9640718562874252,0.9691497366440933,0.05824166666666639,0.5875,0.08509791666666655,0.0,0.0
C_selector_ablation,28210,mixed,cheapest_test_selector,2400,0.8675,0.8675,0.8378462474588928,0.06875,0.06375,0.0,0.7573529411764706,0.7709580838323353,0.7640949554896141,0.01279999999999993,0.155,0.39159999999999884,0.0,0.0
C_selector_ablation,28210,mixed,random_test_control,2400,0.5033333333333333,0.5033333333333333,0.5018496494309304,0.3570833333333333,0.13958333333333334,0.0,0.27983193277310925,0.49850299401197606,0.35844994617868675,0.06630000000000003,1.0,1.9188916666666724,0.0,0.0
C_selector_ablation,28211,mixed,risk_aware_eatl,2400,0.9858333333333333,0.9858333333333333,0.9820485586488549,0.007083333333333333,0.007083333333333333,0.0,0.9738058551617874,0.9738058551617874,0.9738058551617874,0.058545833333333054,0.5916666666666667,0.08357604166666656,0.0,0.0
C_selector_ablation,28211,mixed,eager_eatl,2400,0.975,0.975,0.9775334191599958,0.020416666666666666,0.004583333333333333,0.0,0.9286754002911208,0.9830508474576272,0.9550898203592814,0.10200000000000006,1.0,0.18133333333333043,0.0,0.0
C_selector_ablation,28211,mixed,risk_no_failure_harm,2400,0.9854166666666667,0.9854166666666667,0.9798235478911896,0.005833333333333334,0.00875,0.0,0.9781931464174455,0.9676425269645609,0.9728892331525949,0.05857083333333307,0.5916666666666667,0.07834479166666646,0.0,0.0
C_selector_ablation,28211,mixed,risk_no_test_harm,2400,0.9808333333333333,0.9808333333333333,0.9757127558190389,0.009583333333333333,0.009583333333333333,0.0,0.9645608628659477,0.9645608628659477,0.9645608628659477,0.05844166666666639,0.59,0.09749791666666624,0.0,0.0
C_selector_ablation,28211,mixed,risk_no_abstention,2400,0.9829166666666667,0.9829166666666667,0.9805345657643134,0.010416666666666666,0.006666666666666667,0.0,0.9620060790273556,0.975346687211094,0.9686304514154552,0.05819999999999972,0.5883333333333334,0.09973333333333297,0.0,0.0
C_selector_ablation,28211,mixed,cheapest_test_selector,2400,0.8625,0.8625,0.8252805572690578,0.06833333333333333,0.06916666666666667,0.0,0.7465224111282844,0.7442218798151001,0.7453703703703705,0.01279999999999993,0.155,0.3927666666666655,0.0,0.0
C_selector_ablation,28211,mixed,random_test_control,2400,0.50625,0.50625,0.5113138079142977,0.3645833333333333,0.12916666666666668,0.0,0.27924217462932455,0.522342064714946,0.3639291465378422,0.06630000000000003,1.0,1.9501416666666693,0.0,0.0
C_selector_ablation,28212,mixed,risk_aware_eatl,2400,0.9858333333333333,0.9858333333333333,0.980897087742298,0.007083333333333333,0.007083333333333333,0.0,0.9711864406779661,0.9711864406779661,0.9711864406779661,0.05732083333333307,0.5791666666666667,0.08265729166666647,0.0,0.0
C_selector_ablation,28212,mixed,eager_eatl,2400,0.975,0.975,0.977713269032681,0.020833333333333332,0.004166666666666667,0.0,0.9206349206349206,0.9830508474576272,0.9508196721311476,0.10200000000000006,1.0,0.18316666666666373,0.0,0.0
C_selector_ablation,28212,mixed,risk_no_failure_harm,2400,0.9845833333333334,0.9845833333333334,0.982353216593314,0.01,0.005416666666666667,0.0,0.9600665557404326,0.9779661016949153,0.9689336691855585,0.05709999999999973,0.5775,0.09607499999999963,0.0,0.0
C_selector_ablation,28212,mixed,risk_no_test_harm,2400,0.98,0.98,0.9747448262945968,0.01125,0.00875,0.0,0.9546979865771812,0.964406779661017,0.9595278246205734,0.05821666666666642,0.5870833333333333,0.10516249999999948,0.0,0.0
C_selector_ablation,28212,mixed,risk_no_abstention,2400,0.9833333333333333,0.9833333333333333,0.9786684146455661,0.009166666666666667,0.0075,0.0,0.9629629629629629,0.9694915254237289,0.9662162162162161,0.05758749999999973,0.5820833333333333,0.09352395833333292,0.0,0.0
C_selector_ablation,28212,mixed,cheapest_test_selector,2400,0.8729166666666667,0.8729166666666667,0.8432016106377002,0.07416666666666667,0.05291666666666667,0.0,0.7223088923556942,0.7847457627118644,0.752233956133225,0.01279999999999993,0.155,0.412183333333332,0.0,0.0
C_selector_ablation,28212,mixed,random_test_control,2400,0.5045833333333334,0.5045833333333334,0.5053235321659331,0.37416666666666665,0.12125,0.0,0.24979114452798662,0.5067796610169492,0.33463905987688863,0.06630000000000003,1.0,1.9933083333333348,0.0,0.0
C_selector_ablation,28201,adversarial_counterfeit,risk_aware_eatl,2400,0.9608333333333333,0.9608333333333333,0.9525282818017557,0.03166666666666667,0.0075,0.0,0.7917808219178082,0.9413680781758957,0.8601190476190477,0.0781625000000001,0.7720833333333333,0.2214552083333299,0.0,0.0
C_selector_ablation,28201,adversarial_counterfeit,eager_eatl,2400,0.9566666666666667,0.9566666666666667,0.9529189122731114,0.03666666666666667,0.006666666666666667,0.0,0.7678100263852242,0.9478827361563518,0.8483965014577259,0.10200000000000006,1.0,0.263833333333333,0.0,0.0
C_selector_ablation,28201,adversarial_counterfeit,risk_no_failure_harm,2400,0.96375,0.96375,0.9722675709788017,0.034166666666666665,0.0020833333333333333,0.0,0.7864583333333334,0.9837133550488599,0.8740955137481909,0.0781625000000001,0.7720833333333333,0.23070520833333125,0.0,0.0
C_selector_ablation,28201,adversarial_counterfeit,risk_no_test_harm,2400,0.97,0.97,0.9605634416567712,0.023333333333333334,0.006666666666666667,0.0,0.8386167146974063,0.9478827361563518,0.8899082568807339,0.0781625000000001,0.7720833333333333,0.17928854166666358,0.0,0.0
C_selector_ablation,28201,adversarial_counterfeit,risk_no_abstention,2400,0.9633333333333334,0.9633333333333334,0.9636900417243145,0.03208333333333333,0.004583333333333333,0.0,0.7935656836461126,0.9641693811074918,0.8705882352941176,0.0781625000000001,0.7720833333333333,0.2217885416666633,0.0,0.0
C_selector_ablation,28201,adversarial_counterfeit,cheapest_test_selector,2400,0.8920833333333333,0.8920833333333333,0.9228395878303823,0.10333333333333333,0.004583333333333333,0.0,0.5441176470588235,0.9641693811074918,0.6956521739130436,0.01279999999999993,0.155,0.5290166666666651,0.0,0.0
C_selector_ablation,28201,adversarial_counterfeit,random_test_control,2400,0.49375,0.49375,0.4901626485679736,0.4404166666666667,0.06583333333333333,0.0,0.12354892205638475,0.48534201954397393,0.1969596827495043,0.06630000000000003,1.0,2.2913083333333333,0.0,0.0
C_selector_ablation,28202,adversarial_counterfeit,risk_aware_eatl,2400,0.9741666666666666,0.9741666666666666,0.9769501553844283,0.023333333333333334,0.0025,0.0,0.8448753462603878,0.9807073954983923,0.9077380952380952,0.07794166666666678,0.7704166666666666,0.1766229166666636,0.0,0.0
C_selector_ablation,28202,adversarial_counterfeit,eager_eatl,2400,0.95625,0.95625,0.9570795731430445,0.03833333333333333,0.005416666666666667,0.0,0.764102564102564,0.9581993569131833,0.8502139800285305,0.10200000000000006,1.0,0.271416666666666,0.0,0.0
C_selector_ablation,28202,adversarial_counterfeit,risk_no_failure_harm,2400,0.975,0.975,0.970587012971021,0.020416666666666666,0.004583333333333333,0.0,0.8595988538681948,0.9646302250803859,0.9090909090909091,0.07794166666666678,0.7704166666666666,0.16328958333333068,0.0,0.0
C_selector_ablation,28202,adversarial_counterfeit,risk_no_test_harm,2400,0.9641666666666666,0.9641666666666666,0.9629955716592349,0.030833333333333334,0.005,0.0,0.8016085790884718,0.9614147909967846,0.8742690058479532,0.07794166666666678,0.7704166666666666,0.21562291666666322,0.0,0.0
C_selector_ablation,28202,adversarial_counterfeit,risk_no_abstention,2400,0.9733333333333334,0.9733333333333334,0.9668928809458209,0.02125,0.005416666666666667,0.0,0.8538681948424068,0.9581993569131833,0.9030303030303031,0.07794166666666678,0.7704166666666666,0.1679562499999975,0.0,0.0
C_selector_ablation,28202,adversarial_counterfeit,cheapest_test_selector,2400,0.89125,0.89125,0.925214605982339,0.105,0.00375,0.0,0.5451263537906137,0.9710610932475884,0.6982658959537573,0.01279999999999993,0.155,0.5368499999999984,0.0,0.0
C_selector_ablation,28202,adversarial_counterfeit,random_test_control,2400,0.5045833333333334,0.5045833333333334,0.4964751823592882,0.42875,0.06666666666666667,0.0,0.12796610169491526,0.4855305466237942,0.20254862508383636,0.06630000000000003,1.0,2.233474999999997,0.0,0.0
C_selector_ablation,28203,adversarial_counterfeit,risk_aware_eatl,2400,0.97125,0.97125,0.9639914227391052,0.022916666666666665,0.005833333333333334,0.0,0.8414985590778098,0.954248366013072,0.8943338437978561,0.07760833333333345,0.76625,0.17628958333333006,0.0,0.0
C_selector_ablation,28203,adversarial_counterfeit,eager_eatl,2400,0.9645833333333333,0.9645833333333333,0.9657518212633669,0.03125,0.004166666666666667,0.0,0.7978436657681941,0.9673202614379085,0.8744460856720828,0.10200000000000006,1.0,0.23524999999999816,0.0,0.0
C_selector_ablation,28203,adversarial_counterfeit,risk_no_failure_harm,2400,0.9691666666666666,0.9691666666666666,0.9697735827855498,0.027083333333333334,0.00375,0.0,0.8204419889502762,0.9705882352941176,0.8892215568862275,0.07760833333333345,0.76625,0.1958729166666637,0.0,0.0
C_selector_ablation,28203,adversarial_counterfeit,risk_no_test_harm,2400,0.96875,0.96875,0.9611635485139614,0.025,0.00625,0.0,0.8290598290598291,0.9509803921568627,0.8858447488584476,0.07760833333333345,0.76625,0.18695624999999683,0.0,0.0
C_selector_ablation,28203,adversarial_counterfeit,risk_no_abstention,2400,0.9683333333333334,0.9683333333333334,0.9720864468041275,0.02875,0.002916666666666667,0.0,0.8125,0.9771241830065359,0.8872403560830859,0.07760833333333345,0.76625,0.20370624999999642,0.0,0.0
C_selector_ablation,28203,adversarial_counterfeit,cheapest_test_selector,2400,0.8933333333333333,0.8933333333333333,0.9263160851733243,0.10291666666666667,0.00375,0.0,0.5459558823529411,0.9705882352941176,0.6988235294117646,0.01279999999999993,0.155,0.5264333333333319,0.0,0.0
C_selector_ablation,28203,adversarial_counterfeit,random_test_control,2400,0.5054166666666666,0.5054166666666666,0.5212418300653594,0.43625,0.058333333333333334,0.0,0.1368507831821929,0.5424836601307189,0.2185648452929559,0.06630000000000003,1.0,2.2659749999999987,0.0,0.0
C_selector_ablation,28204,adversarial_counterfeit,risk_aware_eatl,2400,0.9658333333333333,0.9658333333333333,0.9580965909090908,0.027916666666666666,0.00625,0.0,0.8029411764705883,0.9479166666666666,0.8694267515923566,0.07698333333333345,0.7604166666666666,0.20107083333332967,0.0,0.0
C_selector_ablation,28204,adversarial_counterfeit,eager_eatl,2400,0.9541666666666667,0.9541666666666667,0.946969696969697,0.03833333333333333,0.0075,0.0,0.7458563535911602,0.9375,0.8307692307692308,0.10200000000000006,1.0,0.27266666666666606,0.0,0.0
C_selector_ablation,28204,adversarial_counterfeit,risk_no_failure_harm,2400,0.97,0.97,0.9679608585858586,0.025833333333333333,0.004166666666666667,0.0,0.8176470588235294,0.9652777777777778,0.8853503184713375,0.07698333333333345,0.7604166666666666,0.18940416666666338,0.0,0.0
C_selector_ablation,28204,adversarial_counterfeit,risk_no_test_harm,2400,0.9654166666666667,0.9654166666666667,0.9563604797979798,0.027916666666666666,0.006666666666666667,0.0,0.8023598820058997,0.9444444444444444,0.8676236044657097,0.07698333333333345,0.7604166666666666,0.20132083333333003,0.0,0.0
C_selector_ablation,28204,adversarial_counterfeit,risk_no_abstention,2400,0.97,0.97,0.9604640151515151,0.02375,0.00625,0.0,0.8272727272727273,0.9479166666666666,0.883495145631068,0.07698333333333345,0.7604166666666666,0.18023749999999686,0.0,0.0
C_selector_ablation,28204,adversarial_counterfeit,cheapest_test_selector,2400,0.8891666666666667,0.8891666666666667,0.9160353535353536,0.105,0.005833333333333334,0.0,0.5209125475285171,0.9513888888888888,0.6732186732186732,0.01279999999999993,0.155,0.5380999999999985,0.0,0.0
C_selector_ablation,28204,adversarial_counterfeit,random_test_control,2400,0.5125,0.5125,0.5071022727272727,0.4275,0.06,0.0,0.12307692307692308,0.5,0.19753086419753088,0.06630000000000003,1.0,2.223225,0.0,0.0
C_selector_ablation,28205,adversarial_counterfeit,risk_aware_eatl,2400,0.9691666666666666,0.9691666666666666,0.9686483418116717,0.027083333333333334,0.00375,0.0,0.8071216617210683,0.9679715302491103,0.8802588996763755,0.07777500000000012,0.7679166666666667,0.19599791666666316,0.0,0.0
C_selector_ablation,28205,adversarial_counterfeit,eager_eatl,2400,0.9583333333333334,0.9583333333333334,0.9640567715584636,0.03833333333333333,0.0033333333333333335,0.0,0.7479452054794521,0.9715302491103203,0.8452012383900929,0.10200000000000006,1.0,0.27016666666666583,0.0,0.0
C_selector_ablation,28205,adversarial_counterfeit,risk_no_failure_harm,2400,0.9683333333333334,0.9683333333333334,0.9589160266626808,0.025416666666666667,0.00625,0.0,0.8134556574923547,0.9466192170818505,0.8749999999999999,0.07777500000000012,0.7679166666666667,0.18916458333333006,0.0,0.0
C_selector_ablation,28205,adversarial_counterfeit,risk_no_test_harm,2400,0.9666666666666667,0.9666666666666667,0.9595155842999871,0.0275,0.005833333333333334,0.0,0.8018018018018018,0.9501779359430605,0.8697068403908794,0.07777500000000012,0.7679166666666667,0.1993312499999964,0.0,0.0
C_selector_ablation,28205,adversarial_counterfeit,risk_no_abstention,2400,0.9704166666666667,0.9704166666666667,0.9585524293840343,0.022916666666666665,0.006666666666666667,0.0,0.828125,0.9430604982206405,0.8818635607321131,0.07777500000000012,0.7679166666666667,0.17691458333333035,0.0,0.0
C_selector_ablation,28205,adversarial_counterfeit,cheapest_test_selector,2400,0.8829166666666667,0.8829166666666667,0.9120875522093783,0.11125,0.005833333333333334,0.0,0.5,0.9501779359430605,0.6552147239263805,0.01279999999999993,0.155,0.5693499999999984,0.0,0.0
C_selector_ablation,28205,adversarial_counterfeit,random_test_control,2400,0.4979166666666667,0.4979166666666667,0.5042220949585097,0.445,0.05708333333333333,0.0,0.1188118811881188,0.5124555160142349,0.1929002009377093,0.06630000000000003,1.0,2.3089749999999984,0.0,0.0
C_selector_ablation,28206,adversarial_counterfeit,risk_aware_eatl,2400,0.97375,0.97375,0.9710340531561461,0.021666666666666667,0.004583333333333333,0.0,0.8620689655172413,0.9672619047619048,0.91164095371669,0.07807083333333344,0.77125,0.16963645833333033,0.0,0.0
C_selector_ablation,28206,adversarial_counterfeit,eager_eatl,2400,0.96,0.96,0.9630398671096345,0.035416666666666666,0.004583333333333333,0.0,0.7926829268292683,0.9672619047619048,0.8713136729222519,0.10200000000000006,1.0,0.25633333333333186,0.0,0.0
C_selector_ablation,28206,adversarial_counterfeit,risk_no_failure_harm,2400,0.9695833333333334,0.9695833333333334,0.9661198781838316,0.025,0.005416666666666667,0.0,0.8433420365535248,0.9613095238095238,0.8984700973574409,0.07807083333333344,0.77125,0.18680312499999657,0.0,0.0
C_selector_ablation,28206,adversarial_counterfeit,risk_no_test_harm,2400,0.97,0.97,0.9613787375415281,0.022916666666666665,0.007083333333333333,0.0,0.8529411764705882,0.9494047619047619,0.8985915492957746,0.07807083333333344,0.77125,0.17738645833333014,0.0,0.0
C_selector_ablation,28206,adversarial_counterfeit,risk_no_abstention,2400,0.96625,0.96625,0.9616901993355482,0.0275,0.00625,0.0,0.8294573643410853,0.9553571428571429,0.8879668049792532,0.07807083333333344,0.77125,0.1998031249999972,0.0,0.0
C_selector_ablation,28206,adversarial_counterfeit,cheapest_test_selector,2400,0.8966666666666666,0.8966666666666666,0.9249723145071982,0.09833333333333333,0.005,0.0,0.5785714285714286,0.9642857142857143,0.7232142857142858,0.01279999999999993,0.155,0.5042666666666649,0.0,0.0
C_selector_ablation,28206,adversarial_counterfeit,random_test_control,2400,0.4920833333333333,0.4920833333333333,0.47297203765227025,0.43041666666666667,0.0775,0.0,0.12679628064243448,0.44642857142857145,0.1974983541803818,0.06630000000000003,1.0,2.248308333333333,0.0,0.0
C_selector_ablation,28207,adversarial_counterfeit,risk_aware_eatl,2400,0.97,0.97,0.9625901989844262,0.02375,0.00625,0.0,0.840782122905028,0.9525316455696202,0.8931750741839762,0.07753333333333345,0.7654166666666666,0.18064999999999726,0.0,0.0
C_selector_ablation,28207,adversarial_counterfeit,eager_eatl,2400,0.9591666666666666,0.9591666666666666,0.9603792609149882,0.035833333333333335,0.005,0.0,0.7794871794871795,0.9620253164556962,0.8611898016997166,0.10200000000000006,1.0,0.2586666666666653,0.0,0.0
C_selector_ablation,28207,adversarial_counterfeit,risk_no_failure_harm,2400,0.9675,0.9675,0.962493014893462,0.02666666666666667,0.005833333333333334,0.0,0.825136612021858,0.9556962025316456,0.8856304985337243,0.07753333333333345,0.7654166666666666,0.19498333333332943,0.0,0.0
C_selector_ablation,28207,adversarial_counterfeit,risk_no_test_harm,2400,0.96375,0.96375,0.9563066401030151,0.029166666666666667,0.007083333333333333,0.0,0.8102981029810298,0.9462025316455697,0.8729927007299271,0.07753333333333345,0.7654166666666666,0.20823333333332988,0.0,0.0
C_selector_ablation,28207,adversarial_counterfeit,risk_no_abstention,2400,0.97375,0.97375,0.9768307053135401,0.02375,0.0025,0.0,0.8446866485013624,0.9810126582278481,0.9077598828696924,0.07753333333333345,0.7654166666666666,0.1783999999999972,0.0,0.0
C_selector_ablation,28207,adversarial_counterfeit,cheapest_test_selector,2400,0.8908333333333334,0.8908333333333334,0.919689496829369,0.10375,0.005416666666666667,0.0,0.5489130434782609,0.9588607594936709,0.6981566820276497,0.01279999999999993,0.155,0.5315999999999984,0.0,0.0
C_selector_ablation,28207,adversarial_counterfeit,random_test_control,2400,0.5033333333333333,0.5033333333333333,0.49118054374498893,0.4275,0.06916666666666667,0.0,0.12755102040816327,0.47468354430379744,0.20107238605898123,0.06630000000000003,1.0,2.228725000000001,0.0,0.0
C_selector_ablation,28208,adversarial_counterfeit,risk_aware_eatl,2400,0.9733333333333334,0.9733333333333334,0.9622167379176725,0.019583333333333335,0.007083333333333333,0.0,0.8660968660968661,0.9470404984423676,0.9047619047619048,0.07783333333333345,0.76875,0.1605416666666639,0.0,0.0
C_selector_ablation,28208,adversarial_counterfeit,eager_eatl,2400,0.9591666666666666,0.9591666666666666,0.9566739940571716,0.034583333333333334,0.00625,0.0,0.7866323907455013,0.9532710280373832,0.8619718309859156,0.10200000000000006,1.0,0.2531666666666648,0.0,0.0
C_selector_ablation,28208,adversarial_counterfeit,risk_no_failure_harm,2400,0.9675,0.9675,0.9680696596584447,0.028333333333333332,0.004166666666666667,0.0,0.820580474934037,0.9688473520249221,0.8885714285714286,0.07783333333333345,0.76875,0.20254166666666354,0.0,0.0
C_selector_ablation,28208,adversarial_counterfeit,risk_no_test_harm,2400,0.96625,0.96625,0.9647138946204367,0.02875,0.005,0.0,0.8174603174603174,0.9626168224299065,0.8841201716738197,0.07783333333333345,0.76875,0.20512499999999656,0.0,0.0
C_selector_ablation,28208,adversarial_counterfeit,risk_no_abstention,2400,0.96875,0.96875,0.9701082925381991,0.0275,0.00375,0.0,0.8253968253968254,0.9719626168224299,0.8927038626609443,0.07783333333333345,0.76875,0.19812499999999741,0.0,0.0
C_selector_ablation,28208,adversarial_counterfeit,cheapest_test_selector,2400,0.8954166666666666,0.8954166666666666,0.9264631180519032,0.10041666666666667,0.004166666666666667,0.0,0.5634057971014492,0.9688473520249221,0.7124856815578464,0.01279999999999993,0.155,0.5141833333333317,0.0,0.0
C_selector_ablation,28208,adversarial_counterfeit,random_test_control,2400,0.5204166666666666,0.5204166666666666,0.5111259457053849,0.4125,0.06708333333333333,0.0,0.1391304347826087,0.4984423676012461,0.21753908905506458,0.06630000000000003,1.0,2.1524750000000012,0.0,0.0
C_selector_ablation,28209,adversarial_counterfeit,risk_aware_eatl,2400,0.9641666666666666,0.9641666666666666,0.9646469618104196,0.03125,0.004583333333333333,0.0,0.8031496062992126,0.9652996845425867,0.8767908309455588,0.07799166666666678,0.7708333333333334,0.2174937499999966,0.0,0.0
C_selector_ablation,28209,adversarial_counterfeit,eager_eatl,2400,0.9591666666666666,0.9591666666666666,0.9631037495967809,0.03666666666666667,0.004166666666666667,0.0,0.7772151898734178,0.9684542586750788,0.8623595505617978,0.10200000000000006,1.0,0.26233333333333275,0.0,0.0
C_selector_ablation,28209,adversarial_counterfeit,risk_no_failure_harm,2400,0.9691666666666666,0.9691666666666666,0.960841179383654,0.024166666666666666,0.006666666666666667,0.0,0.8384401114206128,0.9495268138801262,0.8905325443786981,0.07799166666666678,0.7708333333333334,0.18332708333332987,0.0,0.0
C_selector_ablation,28209,adversarial_counterfeit,risk_no_test_harm,2400,0.9620833333333333,0.9620833333333333,0.9500742831786839,0.029166666666666667,0.00875,0.0,0.8087431693989071,0.9337539432176656,0.8667642752562226,0.07799166666666678,0.7708333333333334,0.2095770833333298,0.0,0.0
C_selector_ablation,28209,adversarial_counterfeit,risk_no_abstention,2400,0.97,0.97,0.9693447481565505,0.025833333333333333,0.004166666666666667,0.0,0.8319783197831978,0.9684542586750788,0.8950437317784256,0.07799166666666678,0.7708333333333334,0.19016041666666322,0.0,0.0
C_selector_ablation,28209,adversarial_counterfeit,cheapest_test_selector,2400,0.8891666666666667,0.8891666666666667,0.9174283027240195,0.105,0.005833333333333334,0.0,0.5459459459459459,0.9558359621451105,0.694954128440367,0.01279999999999993,0.155,0.5380999999999984,0.0,0.0
C_selector_ablation,28209,adversarial_counterfeit,random_test_control,2400,0.48083333333333333,0.48083333333333333,0.45887013846505664,0.44375,0.07541666666666667,0.0,0.11323896752706078,0.42902208201892744,0.17918313570487485,0.06630000000000003,1.0,2.3137249999999985,0.0,0.0
C_selector_ablation,28210,adversarial_counterfeit,risk_aware_eatl,2400,0.9695833333333334,0.9695833333333334,0.9644315223701706,0.025,0.005416666666666667,0.0,0.830028328611898,0.9575163398692811,0.8892261001517452,0.07788333333333343,0.7704166666666666,0.18666249999999707,0.0,0.0
C_selector_ablation,28210,adversarial_counterfeit,eager_eatl,2400,0.9566666666666667,0.9566666666666667,0.9570294211285278,0.03791666666666667,0.005416666666666667,0.0,0.7630208333333334,0.9575163398692811,0.8492753623188406,0.10200000000000006,1.0,0.26933333333333204,0.0,0.0
C_selector_ablation,28210,adversarial_counterfeit,risk_no_failure_harm,2400,0.9683333333333334,0.9683333333333334,0.9637151899919472,0.02625,0.005416666666666667,0.0,0.8230337078651685,0.9575163398692811,0.8851963746223566,0.07788333333333343,0.7704166666666666,0.19291249999999674,0.0,0.0
C_selector_ablation,28210,adversarial_counterfeit,risk_no_test_harm,2400,0.9641666666666666,0.9641666666666666,0.9571417869917785,0.029166666666666667,0.006666666666666667,0.0,0.8055555555555556,0.9477124183006536,0.8708708708708709,0.07788333333333343,0.7704166666666666,0.20824583333332963,0.0,0.0
C_selector_ablation,28210,adversarial_counterfeit,risk_no_abstention,2400,0.9645833333333333,0.9645833333333333,0.9601709833885799,0.029583333333333333,0.005833333333333334,0.0,0.8044077134986226,0.954248366013072,0.8729446935724963,0.07788333333333343,0.7704166666666666,0.2098291666666632,0.0,0.0
C_selector_ablation,28210,adversarial_counterfeit,cheapest_test_selector,2400,0.8883333333333333,0.8883333333333333,0.9248459651291271,0.10833333333333334,0.0033333333333333335,0.0,0.5340501792114696,0.9738562091503268,0.6898148148148149,0.01279999999999993,0.155,0.5532666666666652,0.0,0.0
C_selector_ablation,28210,adversarial_counterfeit,random_test_control,2400,0.50875,0.50875,0.5008286982414742,0.42625,0.065,0.0,0.1278772378516624,0.49019607843137253,0.2028397565922921,0.06630000000000003,1.0,2.2199749999999994,0.0,0.0
C_selector_ablation,28211,adversarial_counterfeit,risk_aware_eatl,2400,0.9658333333333333,0.9658333333333333,0.9585419411506368,0.027083333333333334,0.007083333333333333,0.0,0.828042328042328,0.9484848484848485,0.8841807909604519,0.07752500000000011,0.76625,0.1978104166666633,0.0,0.0
C_selector_ablation,28211,adversarial_counterfeit,eager_eatl,2400,0.9620833333333333,0.9620833333333333,0.9614624505928854,0.0325,0.005416666666666667,0.0,0.8025316455696202,0.9606060606060606,0.8744827586206896,0.10200000000000006,1.0,0.2422499999999978,0.0,0.0
C_selector_ablation,28211,adversarial_counterfeit,risk_no_failure_harm,2400,0.96875,0.96875,0.9615063680281072,0.024583333333333332,0.006666666666666667,0.0,0.8418230563002681,0.9515151515151515,0.8933143669985775,0.07752500000000011,0.76625,0.18506041666666403,0.0,0.0
C_selector_ablation,28211,adversarial_counterfeit,risk_no_test_harm,2400,0.96375,0.96375,0.956060606060606,0.02875,0.0075,0.0,0.8188976377952756,0.9454545454545454,0.8776371308016877,0.07752500000000011,0.76625,0.20639374999999666,0.0,0.0
C_selector_ablation,28211,adversarial_counterfeit,risk_no_abstention,2400,0.97,0.97,0.9698726394378568,0.025833333333333333,0.004166666666666667,0.0,0.837696335078534,0.9696969696969697,0.8988764044943821,0.07752500000000011,0.76625,0.18981041666666362,0.0,0.0
C_selector_ablation,28211,adversarial_counterfeit,cheapest_test_selector,2400,0.8954166666666666,0.8954166666666666,0.9189942907334212,0.09791666666666667,0.006666666666666667,0.0,0.5719489981785064,0.9515151515151515,0.714448236632537,0.01279999999999993,0.155,0.5031833333333314,0.0,0.0
C_selector_ablation,28211,adversarial_counterfeit,random_test_control,2400,0.4925,0.4925,0.502020202020202,0.44083333333333335,0.06666666666666667,0.0,0.13843648208469056,0.5151515151515151,0.2182284980744544,0.06630000000000003,1.0,2.2938916666666653,0.0,0.0
C_selector_ablation,28212,adversarial_counterfeit,risk_aware_eatl,2400,0.9666666666666667,0.9666666666666667,0.9653961104264933,0.02875,0.004583333333333333,0.0,0.8088642659279779,0.9636963696369637,0.8795180722891567,0.07790000000000012,0.7691666666666667,0.20492499999999678,0.0,0.0
C_selector_ablation,28212,adversarial_counterfeit,eager_eatl,2400,0.9591666666666666,0.9591666666666666,0.9568690774656865,0.035,0.005833333333333334,0.0,0.774798927613941,0.9537953795379538,0.8550295857988165,0.10200000000000006,1.0,0.25499999999999895,0.0,0.0
C_selector_ablation,28212,adversarial_counterfeit,risk_no_failure_harm,2400,0.96625,0.96625,0.9679811328772362,0.03,0.00375,0.0,0.8032786885245902,0.9702970297029703,0.8789237668161435,0.07790000000000012,0.7691666666666667,0.2106749999999967,0.0,0.0
C_selector_ablation,28212,adversarial_counterfeit,risk_no_test_harm,2400,0.9641666666666666,0.9641666666666666,0.9569068494832316,0.029166666666666667,0.006666666666666667,0.0,0.803921568627451,0.9471947194719472,0.8696969696969696,0.07790000000000012,0.7691666666666667,0.2082583333333299,0.0,0.0
C_selector_ablation,28212,adversarial_counterfeit,risk_no_abstention,2400,0.9708333333333333,0.9708333333333333,0.962133552411035,0.022916666666666665,0.00625,0.0,0.8396501457725948,0.9504950495049505,0.8916408668730651,0.07790000000000012,0.7691666666666667,0.17675833333333074,0.0,0.0
C_selector_ablation,28212,adversarial_counterfeit,cheapest_test_selector,2400,0.8933333333333333,0.8933333333333333,0.9234313989338848,0.10208333333333333,0.004583333333333333,0.0,0.5437616387337058,0.9636963696369637,0.6952380952380953,0.01279999999999993,0.155,0.5227666666666653,0.0,0.0
C_selector_ablation,28212,adversarial_counterfeit,random_test_control,2400,0.48833333333333334,0.48833333333333334,0.477088910607799,0.44375,0.06791666666666667,0.0,0.11618257261410789,0.46204620462046203,0.1856763925729443,0.06630000000000003,1.0,2.3092249999999983,0.0,0.0
